-- Seed admin users
INSERT INTO admin_users (email, password, role) VALUES
  ('aryan@ozlistings.com', 'password', 'admin')
ON CONFLICT (email) DO UPDATE SET
  password = EXCLUDED.password,
  role = EXCLUDED.role;
SET session_replication_role = replica;

-- Seed contacts
INSERT INTO contacts (email, name, company, details) VALUES
  ('aryan.jain@capmatch.com', 'Aryan Cap', 'CapMatch', '{"email_status":"Valid"}'::jsonb),
  ('aryan@ozlistings.com', 'Aryan OZL', 'OZ Listings', '{"email_status":"Valid"}'::jsonb),
  ('gamersupreme07@gmail.com', 'Alex Chen', 'GameDev Studios', '{"email_status":"Valid"}'::jsonb),
  ('aryan.jain@ozlistings.com', 'Aryan Bounce', 'OZL bounce', '{"email_status":"Valid"}'::jsonb)
ON CONFLICT (email) DO NOTHING;

-- Seed prospects
INSERT INTO prospects (property_name, address, state, phone_numbers, call_status) VALUES
  ('AryanTest Project', '123 CapMatch Way', 'CA', '[{"label": "Owner", "number": "1234567890", "contactName": "AryanTest Lastname", "contactEmail": "aryan.jain@capmatch.com"}]'::jsonb, 'new')
ON CONFLICT (property_name, address) DO NOTHING;

--
-- PostgreSQL database dump
--

-- Dumped from database version 17.4
-- Dumped by pg_dump version 17.4

SET statement_timeout = 0;
SET lock_timeout = 0;
SET idle_in_transaction_session_timeout = 0;
SET transaction_timeout = 0;
SET client_encoding = 'UTF8';
SET standard_conforming_strings = on;
SELECT pg_catalog.set_config('search_path', '', false);
SET check_function_bodies = false;
SET xmloption = content;
SET client_min_messages = warning;
SET row_security = off;

--
-- Data for Name: buckets; Type: TABLE DATA; Schema: storage; Owner: supabase_storage_admin
--

INSERT INTO "storage"."buckets" ("id", "name", "owner", "created_at", "updated_at", "public", "avif_autodetection", "file_size_limit", "allowed_mime_types", "owner_id", "type") VALUES
	('oz-projects-images', 'oz-projects-images', NULL, '2025-07-20 01:55:16.483374+00', '2025-07-20 01:55:16.483374+00', true, false, NULL, NULL, NULL, 'STANDARD'),
	('ddv-the-edge-on-main', 'ddv-the-edge-on-main', NULL, '2025-08-15 03:27:04.629222+00', '2025-08-15 03:27:04.629222+00', false, false, NULL, NULL, NULL, 'STANDARD'),
	('ddv-up-campus-reno', 'ddv-up-campus-reno', NULL, '2025-08-22 18:31:24.355701+00', '2025-08-22 18:31:24.355701+00', false, false, NULL, NULL, NULL, 'STANDARD'),
	('oz-dev-docs', 'oz-dev-docs', NULL, '2025-09-05 20:10:04.210347+00', '2025-09-05 20:10:04.210347+00', false, false, NULL, NULL, NULL, 'STANDARD'),
	('homepage-book', 'homepage-book', NULL, '2025-09-12 18:14:34.935235+00', '2025-09-12 18:14:34.935235+00', true, false, NULL, NULL, NULL, 'STANDARD'),
	('oz_webinars', 'oz_webinars', NULL, '2025-10-07 00:04:00.278439+00', '2025-10-07 00:04:00.278439+00', true, false, NULL, NULL, NULL, 'STANDARD'),
	('ddv-oz-recap-fund', 'ddv-oz-recap-fund', NULL, '2025-10-27 16:52:45.630834+00', '2025-10-27 16:52:45.630834+00', false, false, NULL, NULL, NULL, 'STANDARD'),
	('ddv-alden-brockton-ma', 'ddv-alden-brockton-ma', NULL, '2025-12-19 18:13:23.035876+00', '2025-12-19 18:13:23.035876+00', false, false, NULL, NULL, NULL, 'STANDARD');


--
-- Data for Name: buckets_analytics; Type: TABLE DATA; Schema: storage; Owner: supabase_storage_admin
--



--
-- Data for Name: buckets_vectors; Type: TABLE DATA; Schema: storage; Owner: supabase_storage_admin
--



--
-- Data for Name: objects; Type: TABLE DATA; Schema: storage; Owner: supabase_storage_admin
--

INSERT INTO "storage"."objects" ("id", "bucket_id", "name", "owner", "created_at", "updated_at", "last_accessed_at", "metadata", "version", "owner_id", "user_metadata", "level") VALUES
	('c8d12d93-047a-40d4-989d-c3c5d502e745', 'oz-projects-images', 'alden-brockton-ma-001/general/img-1.jpeg', NULL, '2025-12-19 17:53:11.963166+00', '2025-12-19 17:53:11.963166+00', '2025-12-19 17:53:11.963166+00', '{"eTag": "\"27884b4610e87c5b6934c79337efc2cf-1\"", "size": 159014, "mimetype": "image/jpeg", "cacheControl": "max-age=3600", "lastModified": "2025-12-19T17:53:11.000Z", "contentLength": 159014, "httpStatusCode": 200}', '909f2b4b-6ca6-44e4-b25f-78a79e84a35e', NULL, NULL, 3),
	('73d40fbb-b8ed-459e-afed-a32680328b61', 'oz-projects-images', 'alden-brockton-ma-001/sitemap/img-2.jpeg', NULL, '2025-12-19 17:53:24.870953+00', '2025-12-19 17:53:24.870953+00', '2025-12-19 17:53:24.870953+00', '{"eTag": "\"99d3987020dda0c62fc3bb70efa38a88-1\"", "size": 182411, "mimetype": "image/jpeg", "cacheControl": "max-age=3600", "lastModified": "2025-12-19T17:53:24.000Z", "contentLength": 182411, "httpStatusCode": 200}', '29201ef6-aa89-4761-bf0a-43d6345c6b47', NULL, NULL, 3),
	('42f55c6f-625a-42c9-b638-21662c698b39', 'oz-projects-images', 'alden-brockton-ma-001/floorplan/img-10.jpeg', NULL, '2025-12-19 17:53:44.034809+00', '2025-12-19 17:53:44.034809+00', '2025-12-19 17:53:44.034809+00', '{"eTag": "\"1098d12fe18ff05edf6c979ddf9e2b02-1\"", "size": 53364, "mimetype": "image/jpeg", "cacheControl": "max-age=3600", "lastModified": "2025-12-19T17:53:44.000Z", "contentLength": 53364, "httpStatusCode": 200}', 'bad48643-dc95-4332-a541-795480650c4c', NULL, NULL, 3),
	('4766f96c-cf33-4dc2-ac9e-cf86a2ae8090', 'oz-projects-images', 'oz-recap-fund-001/details/portfolio-projects/avian/18.jpg', NULL, '2025-10-22 22:21:27.712245+00', '2025-10-26 11:10:32.387425+00', '2025-10-22 22:21:27.712245+00', '{"eTag": "\"6781f55e414aeb851d9e6b6e1e98af3b\"", "size": 634230, "mimetype": "image/jpeg", "cacheControl": "max-age=3600", "lastModified": "2025-10-26T11:10:33.000Z", "contentLength": 634230, "httpStatusCode": 200}', 'd6c3b71f-3f55-442e-ad31-a70129baf2ff', NULL, NULL, 5),
	('ceb7cc94-9914-49c3-a397-894702ffe56a', 'oz-projects-images', 'oz-recap-fund-001/details/portfolio-projects/solace-at-ballpark-village/28.jpg', NULL, '2025-10-22 22:21:16.558719+00', '2025-10-26 11:10:35.317133+00', '2025-10-22 22:21:16.558719+00', '{"eTag": "\"0afe75edd5199242fb3c7a1c5c006ec4\"", "size": 960356, "mimetype": "image/jpeg", "cacheControl": "max-age=3600", "lastModified": "2025-10-26T11:10:36.000Z", "contentLength": 960356, "httpStatusCode": 200}', 'f798dd97-62f9-4224-ad75-7c645679bc72', NULL, NULL, 5),
	('b77698b3-1c63-47b5-a7e9-c8f2fb22e908', 'oz-projects-images', 'oz-recap-fund-001/details/portfolio-projects/solace-at-cimarron-hills/50.jpg', NULL, '2025-10-22 22:21:37.071442+00', '2025-10-26 11:10:38.612727+00', '2025-10-22 22:21:37.071442+00', '{"eTag": "\"e94d07f8b84f83345f1200df423bbace\"", "size": 1366221, "mimetype": "image/jpeg", "cacheControl": "max-age=3600", "lastModified": "2025-10-26T11:10:39.000Z", "contentLength": 1366221, "httpStatusCode": 200}', '69dba870-a8da-45ca-9934-4e5920065e6b', NULL, NULL, 5),
	('0e5c3c60-7cd8-4847-964b-9f75ed6c5177', 'oz-projects-images', 'oz-recap-fund-001/details/sponsor-profile/developer-sponsor/mark.png', NULL, '2025-10-22 23:35:21.488223+00', '2025-10-26 11:10:41.751874+00', '2025-10-22 23:35:21.488223+00', '{"eTag": "\"5038a1f09de1c862665819e743d30b9a\"", "size": 176718, "mimetype": "image/png", "cacheControl": "max-age=3600", "lastModified": "2025-10-26T11:10:42.000Z", "contentLength": 176718, "httpStatusCode": 200}', '25402480-04f3-4ce4-9730-c6e075d6fc31', NULL, NULL, 5),
	('270321cf-fc82-4e91-bc10-16e662d831a0', 'oz-projects-images', 'oz-recap-fund-001/details/sponsor-profile/developer-sponsor/ryan.png', NULL, '2025-10-22 23:35:21.53662+00', '2025-10-26 11:10:42.701105+00', '2025-10-22 23:35:21.53662+00', '{"eTag": "\"88508a327b3dbfaf9fb15ef0b83fe96a\"", "size": 182636, "mimetype": "image/png", "cacheControl": "max-age=3600", "lastModified": "2025-10-26T11:10:43.000Z", "contentLength": 182636, "httpStatusCode": 200}', 'cc3fd5a6-a229-48d5-9dc3-f19e3558f0cc', NULL, NULL, 5),
	('87a1bfb1-ccde-49b6-82e5-b8ed8c3b1daf', 'oz-projects-images', 'oz-recap-fund-001/details/sponsor-profile/developer-sponsor/shannon.png', NULL, '2025-10-22 23:35:21.529155+00', '2025-10-26 11:10:43.816662+00', '2025-10-22 23:35:21.529155+00', '{"eTag": "\"58dbea51cb7a72a97c947f67130b8630\"", "size": 137730, "mimetype": "image/png", "cacheControl": "max-age=3600", "lastModified": "2025-10-26T11:10:44.000Z", "contentLength": 137730, "httpStatusCode": 200}', '423fdf66-a1c4-4e99-882c-dd6e33a796dc', NULL, NULL, 5),
	('36e94bf1-1ddb-4eaf-85fd-4e3dcc242853', 'oz-projects-images', 'oz-recap-fund-001/details/sponsor-profile/fund-manager/todd.jpg', NULL, '2025-10-22 22:22:35.276408+00', '2025-10-26 11:10:49.008876+00', '2025-10-22 22:22:35.276408+00', '{"eTag": "\"b5a793cad5a86e177757bdb0f9149e16\"", "size": 415478, "mimetype": "image/jpeg", "cacheControl": "max-age=3600", "lastModified": "2025-10-26T11:10:49.000Z", "contentLength": 415478, "httpStatusCode": 200}', '656c36af-bcb4-4cb9-9142-08a52e288836', NULL, NULL, 5),
	('2db09418-0c13-4ed5-999f-c4337b0820c9', 'oz-projects-images', 'marshall-st-louis-001/general/R01-2_DUSK-PERSPECTIVE_MARSHALL-MO_4KTV_01.16.24-scaled.webp', NULL, '2025-07-20 02:38:36.502839+00', '2025-08-27 01:44:08.852796+00', '2025-07-20 02:38:36.502839+00', '{"eTag": "\"d1af003d064d5ec29a09064a594752d4\"", "size": 361754, "mimetype": "image/webp", "cacheControl": "max-age=3600", "lastModified": "2025-07-20T02:54:44.000Z", "contentLength": 361754, "httpStatusCode": 200}', 'd897ebc9-d41e-4c75-a8c4-89e2e1182c1c', NULL, NULL, 3),
	('a25f8a55-7ce9-4c9a-a5e8-3dff2992df76', 'oz-projects-images', 'marshall-st-louis-001/general/R02-2_DUSK-COURTYARD_MARSHALL-MO_4KTV_01.09.24-scaled.webp', NULL, '2025-07-20 02:38:36.690509+00', '2025-08-27 01:44:08.852796+00', '2025-07-20 02:38:36.690509+00', '{"eTag": "\"b626a5d5ae25e8602013629c70a9c866\"", "size": 414722, "mimetype": "image/webp", "cacheControl": "max-age=3600", "lastModified": "2025-07-20T02:54:44.000Z", "contentLength": 414722, "httpStatusCode": 200}', 'd0b2df70-087f-4540-9a95-035c8ec2b070', NULL, NULL, 3),
	('62f7fd8a-01fa-4bca-92e1-10bcfe57fae2', 'oz-projects-images', 'marshall-st-louis-001/general/R04-2-CLUBROOM-125_MARSHALL-MO_4KTV_01.26.24-scaled.webp', NULL, '2025-07-20 02:38:36.565265+00', '2025-08-27 01:44:08.852796+00', '2025-07-20 02:38:36.565265+00', '{"eTag": "\"f9860e246923ddf80f0a14a403669717\"", "size": 208486, "mimetype": "image/webp", "cacheControl": "max-age=3600", "lastModified": "2025-07-20T02:54:44.000Z", "contentLength": 208486, "httpStatusCode": 200}', 'f8394bd3-5c9c-4018-9921-53ad0f2163ac', NULL, NULL, 3),
	('2b31b2fa-dfcf-4dc5-9bf7-ab1881c05b17', 'oz-projects-images', 'sogood-dallas-001/general/HOQUE IMAGES 20241029 - 1.jpg', NULL, '2025-07-20 02:28:53.242014+00', '2025-08-27 01:44:08.852796+00', '2025-07-20 02:28:53.242014+00', '{"eTag": "\"bad5314a785eb5ae518bbe1531013d19\"", "size": 3812582, "mimetype": "image/jpeg", "cacheControl": "max-age=3600", "lastModified": "2025-07-20T02:56:02.000Z", "contentLength": 3812582, "httpStatusCode": 200}', 'ae7fc07f-c620-4ec1-89cf-dccfedb4be65', NULL, NULL, 3),
	('964f647c-1966-4e8d-8522-f139150afb14', 'ddv-up-campus-reno', 'OZListings-Presentation.pdf', 'a7745aad-1066-4f47-b1c2-cb333285a608', '2025-10-26 17:39:14.844489+00', '2025-10-26 17:39:14.844489+00', '2025-10-26 17:39:14.844489+00', '{"eTag": "\"f4df63658df9520fd60758dab649a6ea-3\"", "size": 13456513, "mimetype": "application/pdf", "cacheControl": "max-age=3600", "lastModified": "2025-10-26T17:39:06.000Z", "contentLength": 13456513, "httpStatusCode": 200}', '703b6a35-a7a8-4b3f-af9b-f9949dd3fc13', 'a7745aad-1066-4f47-b1c2-cb333285a608', NULL, 1),
	('2e4925ce-8a3a-4df8-be09-c73796dcf177', 'oz-projects-images', 'alden-brockton-ma-001/floorplan/img-9.jpeg', NULL, '2025-12-19 17:53:44.045114+00', '2025-12-19 17:53:44.045114+00', '2025-12-19 17:53:44.045114+00', '{"eTag": "\"37716bd35ae6a06fa8e825a1b036f7c6-1\"", "size": 39568, "mimetype": "image/jpeg", "cacheControl": "max-age=3600", "lastModified": "2025-12-19T17:53:44.000Z", "contentLength": 39568, "httpStatusCode": 200}', '46ec0d25-a0a7-474f-a4e7-31bcc78ccc8b', NULL, NULL, 3),
	('62ae4aba-64e6-4ad0-9bb0-b50e2e227333', 'oz-dev-docs', 'up-campus-reno/UNV-Reno.pdf', NULL, '2025-09-05 20:20:11.517583+00', '2025-09-05 20:20:29.347126+00', '2025-09-05 20:20:11.517583+00', '{"eTag": "\"7d210cb01a22359918c969a34265a8ae\"", "size": 4018917, "mimetype": "application/pdf", "cacheControl": "max-age=3600", "lastModified": "2025-09-05T20:20:30.000Z", "contentLength": 4018917, "httpStatusCode": 200}', '608cca07-5f6b-43c5-a610-19068949f29e', NULL, NULL, 2),
	('a8bde4c0-0948-4328-b17e-04bb527f9c40', 'oz-projects-images', 'oz-recap-fund-001/details/sponsor-profile/developer-sponsor/nick.png', NULL, '2025-10-22 23:35:21.65909+00', '2025-10-26 11:10:42.133026+00', '2025-10-22 23:35:21.65909+00', '{"eTag": "\"2bf7634ebf408967fcca9631ceb1f557\"", "size": 165789, "mimetype": "image/png", "cacheControl": "max-age=3600", "lastModified": "2025-10-26T11:10:43.000Z", "contentLength": 165789, "httpStatusCode": 200}', '04027187-6ccb-4657-8e71-85870515e911', NULL, NULL, 5),
	('f4f5e365-e498-4aad-8436-c9f3a33e59e0', 'oz-projects-images', 'oz-recap-fund-001/details/sponsor-profile/developer-sponsor/shaun.png', NULL, '2025-10-22 23:35:22.63301+00', '2025-10-26 11:10:45.52905+00', '2025-10-22 23:35:22.63301+00', '{"eTag": "\"8561c78f20612fdc0939d7cf092b9854\"", "size": 178880, "mimetype": "image/png", "cacheControl": "max-age=3600", "lastModified": "2025-10-26T11:10:46.000Z", "contentLength": 178880, "httpStatusCode": 200}', '25f18ebb-955d-463f-b6a8-33374139a95a', NULL, NULL, 5),
	('18170d45-c330-499b-891b-35ee6a40abac', 'oz-projects-images', 'oz-recap-fund-001/details/sponsor-profile/fund-manager/jeff.jpg', NULL, '2025-10-22 22:22:35.211056+00', '2025-10-26 11:10:47.52869+00', '2025-10-22 22:22:35.211056+00', '{"eTag": "\"b930cc55fd47a257b6ccedb92177fb2a\"", "size": 171389, "mimetype": "image/jpeg", "cacheControl": "max-age=3600", "lastModified": "2025-10-26T11:10:48.000Z", "contentLength": 171389, "httpStatusCode": 200}', 'a8539d7f-3224-43c0-b174-7ba7db958b4d', NULL, NULL, 5),
	('03ccdead-044a-4465-b1c9-faa2a4062dd1', 'ddv-up-campus-reno', 'UNR starts another school year with a record number of freshmen from Nevada.pdf', '9867dfc4-45f4-4b24-a467-5f789e5ba873', '2025-09-09 19:59:53.360221+00', '2025-09-09 19:59:53.360221+00', '2025-09-09 19:59:53.360221+00', '{"eTag": "\"f6ad9814c75ff7ff90bed23e294e8140-1\"", "size": 103156, "mimetype": "application/pdf", "cacheControl": "max-age=3600", "lastModified": "2025-09-09T19:59:53.000Z", "contentLength": 103156, "httpStatusCode": 200}', '9ede5876-986e-464a-9cff-06db8316b537', '9867dfc4-45f4-4b24-a467-5f789e5ba873', NULL, 1),
	('bc57e211-8302-4580-8df8-1fc150d32633', 'oz_webinars', '2025-10-28-nova-reno/2025-10-28-nova-reno-v2.png', NULL, '2025-10-27 09:18:45.855505+00', '2025-10-27 09:26:59.389048+00', '2025-10-27 09:18:45.855505+00', '{"eTag": "\"0a25cde9be8beb0693f5278da0b5b424\"", "size": 2193654, "mimetype": "image/png", "cacheControl": "max-age=3600", "lastModified": "2025-10-27T09:27:00.000Z", "contentLength": 2193654, "httpStatusCode": 200}', '9a6ccab4-e7e3-4d52-99e0-73d102b4bc44', NULL, NULL, 2),
	('c01864cd-26f8-476b-8773-17d6ebcd059f', 'oz-projects-images', 'alden-brockton-ma-001/floorplan/img-11.jpeg', NULL, '2025-12-19 17:53:44.410398+00', '2025-12-19 17:53:44.410398+00', '2025-12-19 17:53:44.410398+00', '{"eTag": "\"3cc3ff63bd5183cd7374fa90e3f8ff25-1\"", "size": 65632, "mimetype": "image/jpeg", "cacheControl": "max-age=3600", "lastModified": "2025-12-19T17:53:44.000Z", "contentLength": 65632, "httpStatusCode": 200}', '707b0f41-5e2b-4039-b9ff-839e3763b449', NULL, NULL, 3),
	('c5981087-1ba8-4f06-a895-2695badb7c6b', 'oz-projects-images', 'oz-recap-fund-001/details/sponsor-profile/developer-sponsor/chris.png', NULL, '2025-10-22 23:35:21.567571+00', '2025-10-26 11:10:39.214944+00', '2025-10-22 23:35:21.567571+00', '{"eTag": "\"03e52f89f32087da472e03e1324bdd73\"", "size": 173478, "mimetype": "image/png", "cacheControl": "max-age=3600", "lastModified": "2025-10-26T11:10:40.000Z", "contentLength": 173478, "httpStatusCode": 200}', '8631e1e8-f53a-4ca0-a337-5d02a9703983', NULL, NULL, 5),
	('accbd39e-3fc2-40a5-8330-721641d5ccb4', 'oz-projects-images', 'oz-recap-fund-001/details/sponsor-profile/developer-sponsor/garrett.png', NULL, '2025-10-22 23:35:21.529963+00', '2025-10-26 11:10:40.924792+00', '2025-10-22 23:35:21.529963+00', '{"eTag": "\"2f695f6f4e2742882923adac15445a30\"", "size": 185253, "mimetype": "image/png", "cacheControl": "max-age=3600", "lastModified": "2025-10-26T11:10:41.000Z", "contentLength": 185253, "httpStatusCode": 200}', 'c18d7643-bd46-4c19-9062-4957e54399ae', NULL, NULL, 5),
	('355d0cca-46ea-409b-a60d-f8f46fe59dc2', 'oz-projects-images', 'oz-recap-fund-001/details/sponsor-profile/developer-sponsor/raymond.png', NULL, '2025-10-22 23:35:21.546604+00', '2025-10-26 11:10:43.234732+00', '2025-10-22 23:35:21.546604+00', '{"eTag": "\"63b8fcac67c8f3fe7e300ffddd730ca5\"", "size": 144330, "mimetype": "image/png", "cacheControl": "max-age=3600", "lastModified": "2025-10-26T11:10:44.000Z", "contentLength": 144330, "httpStatusCode": 200}', 'f9478068-5045-4179-936d-d5773f2b5fa1', NULL, NULL, 5),
	('524d9bb8-ff36-4c20-b1cf-bf880d9ad5c6', 'oz-projects-images', 'oz-recap-fund-001/details/sponsor-profile/developer-sponsor/jake.png', NULL, '2025-10-22 23:35:21.649977+00', '2025-10-26 11:10:40.427145+00', '2025-10-22 23:35:21.649977+00', '{"eTag": "\"0fa47bb6ab7c8a7ca4c2b73b25a12f2a\"", "size": 151938, "mimetype": "image/png", "cacheControl": "max-age=3600", "lastModified": "2025-10-26T11:10:41.000Z", "contentLength": 151938, "httpStatusCode": 200}', 'e2d97af9-69d4-49d3-9c0b-d7f22edc6cd0', NULL, NULL, 5),
	('d5ecdc04-171a-464c-980c-aec990439098', 'oz-projects-images', 'oz-recap-fund-001/general/11.jpg', NULL, '2025-10-22 22:26:55.67092+00', '2025-10-26 11:10:49.733735+00', '2025-10-22 22:26:55.67092+00', '{"eTag": "\"61d5bed443666c156aafe0f23e838d8f\"", "size": 1462339, "mimetype": "image/jpeg", "cacheControl": "max-age=3600", "lastModified": "2025-10-26T11:10:50.000Z", "contentLength": 1462339, "httpStatusCode": 200}', 'b95344e1-b0b1-41c5-93c8-ac9567d7d5ee', NULL, NULL, 3),
	('bbae5e44-9416-4e74-b74d-6e16d55dce7b', 'oz-projects-images', 'oz-recap-fund-001/general/12.jpg', NULL, '2025-10-22 22:26:55.085835+00', '2025-10-26 11:10:49.75412+00', '2025-10-22 22:26:55.085835+00', '{"eTag": "\"a8c2d24cec26b3bb4d2bd283b3e607ea\"", "size": 764194, "mimetype": "image/jpeg", "cacheControl": "max-age=3600", "lastModified": "2025-10-26T11:10:50.000Z", "contentLength": 764194, "httpStatusCode": 200}', 'c65f92b8-7b39-4540-9428-231979b42a54', NULL, NULL, 3),
	('02b76b7f-2579-4693-a799-5a7926bf925e', 'ddv-alden-brockton-ma', '251111 PPM - 117 North Main OZ Fund LLC.pdf', NULL, '2025-12-19 18:19:56.355446+00', '2025-12-19 18:19:56.355446+00', '2025-12-19 18:19:56.355446+00', '{"eTag": "\"05f4ca363f98f2a3925b9bf6b0f55de7-3\"", "size": 17798680, "mimetype": "application/pdf", "cacheControl": "max-age=3600", "lastModified": "2025-12-19T18:19:46.000Z", "contentLength": 17798680, "httpStatusCode": 200}', 'e716f1a9-4d7f-4ee2-b66d-83646f5d2713', NULL, NULL, 1),
	('033f392b-c34a-4446-8741-b950144c65b9', 'homepage-book', '.emptyFolderPlaceholder', NULL, '2025-09-14 17:19:33.820941+00', '2025-09-14 17:19:33.820941+00', '2025-09-14 17:19:33.820941+00', '{"eTag": "\"d41d8cd98f00b204e9800998ecf8427e\"", "size": 0, "mimetype": "application/octet-stream", "cacheControl": "max-age=3600", "lastModified": "2025-09-14T17:19:33.820Z", "contentLength": 0, "httpStatusCode": 200}', '83280b51-f505-4776-9f6c-4b0d1d3a2ecc', NULL, '{}', 1),
	('152b6a84-ed56-4904-8ae5-631118222970', 'homepage-book', 'OZGuideSample.pdf', NULL, '2025-09-14 17:19:44.695381+00', '2025-09-14 17:19:44.695381+00', '2025-09-14 17:19:44.695381+00', '{"eTag": "\"0914d914c2bf8f701312349a804ba9af-1\"", "size": 342050, "mimetype": "application/pdf", "cacheControl": "max-age=3600", "lastModified": "2025-09-14T17:19:45.000Z", "contentLength": 342050, "httpStatusCode": 200}', '60e64fa1-03b5-4d40-983c-a47915bfd228', NULL, NULL, 1),
	('23d42156-7ee3-4b39-aa0d-279a94e5670a', 'oz-projects-images', 'oz-recap-fund-001/details/sponsor-profile/developer-sponsor/dane.png', NULL, '2025-10-22 23:35:21.538799+00', '2025-10-26 11:10:39.366131+00', '2025-10-22 23:35:21.538799+00', '{"eTag": "\"a5d287e875f672992ead0ab844727a96\"", "size": 178348, "mimetype": "image/png", "cacheControl": "max-age=3600", "lastModified": "2025-10-26T11:10:40.000Z", "contentLength": 178348, "httpStatusCode": 200}', 'dea97b6f-f577-4b35-995a-ddb342530345', NULL, NULL, 5),
	('1c6d03b7-71e0-4640-b56c-96d552afb2cf', 'ddv-alden-brockton-ma', 'Alden Investment Deck.pdf', NULL, '2025-12-24 12:51:50.115714+00', '2025-12-24 12:51:50.115714+00', '2025-12-24 12:51:50.115714+00', '{"eTag": "\"6d61427bcf6df8e7e2e3e4f774a9aa12-3\"", "size": 13658762, "mimetype": "application/pdf", "cacheControl": "max-age=3600", "lastModified": "2025-12-24T12:51:34.000Z", "contentLength": 13658762, "httpStatusCode": 200}', '036a9939-420c-42eb-b443-1b348acbddb3', NULL, NULL, 1),
	('c3576bd9-5767-48fd-bff0-f881b1f01fc5', 'oz-projects-images', 'oz-recap-fund-001/general/13.jpg', NULL, '2025-10-22 22:26:55.208213+00', '2025-10-26 11:10:51.433533+00', '2025-10-22 22:26:55.208213+00', '{"eTag": "\"c5bd07fa91926e6314896537f84a8e2a\"", "size": 682826, "mimetype": "image/jpeg", "cacheControl": "max-age=3600", "lastModified": "2025-10-26T11:10:52.000Z", "contentLength": 682826, "httpStatusCode": 200}', '06e071a8-0e9f-43ec-af4d-cdc3d38e8e97', NULL, NULL, 3),
	('63166d6b-67db-42d7-9e6c-d594e178c738', 'oz_webinars', '2025-11-12-colin-walsh-oz-tax/2025-11-12-colin-walsh-oz-tax.png', NULL, '2025-11-02 02:34:11.759756+00', '2025-11-02 02:34:11.759756+00', '2025-11-02 02:34:11.759756+00', '{"eTag": "\"2792144326b59c08eefbad20cdead4a9-1\"", "size": 2027285, "mimetype": "image/png", "cacheControl": "max-age=3600", "lastModified": "2025-11-02T02:34:10.000Z", "contentLength": 2027285, "httpStatusCode": 200}', 'babcef02-8da9-4521-8191-51247e911e28', NULL, NULL, 2),
	('8c2cdf45-aad8-4fa6-8604-602bd914223b', 'oz-projects-images', 'oz-recap-fund-001/details/sponsor-profile/developer-sponsor/sean.png', NULL, '2025-10-22 23:35:21.809135+00', '2025-10-26 11:10:44.366145+00', '2025-10-22 23:35:21.809135+00', '{"eTag": "\"9d32966477cec1e3ff42bfeb2d020e40\"", "size": 190153, "mimetype": "image/png", "cacheControl": "max-age=3600", "lastModified": "2025-10-26T11:10:45.000Z", "contentLength": 190153, "httpStatusCode": 200}', '1a1c1fc5-8c42-4e6c-9841-505f53e8380b', NULL, NULL, 5),
	('551e5b85-ad76-4fa7-8771-de7b83750ba7', 'oz-projects-images', 'oz-recap-fund-001/details/sponsor-profile/developer-sponsor/todd.png', NULL, '2025-10-22 23:35:22.58565+00', '2025-10-26 11:10:45.04488+00', '2025-10-22 23:35:22.58565+00', '{"eTag": "\"24b3ecd712360c338168a5de039d6f26\"", "size": 175612, "mimetype": "image/png", "cacheControl": "max-age=3600", "lastModified": "2025-10-26T11:10:45.000Z", "contentLength": 175612, "httpStatusCode": 200}', 'd0a6316a-5f84-410e-9071-ef12563ee542', NULL, NULL, 5),
	('85b18242-180a-47cd-b1e1-eb25d7060a85', 'ddv-up-campus-reno', 'NOVA-Reno_Study_2K.png', '50a16973-aec8-43d4-b278-1168d56fe767', '2025-08-26 18:26:13.094255+00', '2025-08-27 01:44:08.852796+00', '2025-08-26 18:26:13.094255+00', '{"eTag": "\"0c6f736bdefe996590d6e8a8855dc37f-1\"", "size": 4621798, "mimetype": "image/png", "cacheControl": "max-age=3600", "lastModified": "2025-08-26T18:26:13.000Z", "contentLength": 4621798, "httpStatusCode": 200}', '9a125e50-45a1-4c60-8f9c-8f6fd105c946', '50a16973-aec8-43d4-b278-1168d56fe767', NULL, 1),
	('8e8b5248-dc3f-4109-8d6e-4690fd6c63c7', 'ddv-up-campus-reno', 'UP Investment Memo UNV Reno 2025_0825.pdf', '50a16973-aec8-43d4-b278-1168d56fe767', '2025-08-26 18:26:16.608429+00', '2025-08-27 01:44:08.852796+00', '2025-08-26 18:26:16.608429+00', '{"eTag": "\"55b54295ca7e094af6ac96f663448d85-2\"", "size": 6391674, "mimetype": "application/pdf", "cacheControl": "max-age=3600", "lastModified": "2025-08-26T18:26:15.000Z", "contentLength": 6391674, "httpStatusCode": 200}', '89ca8755-0df6-431d-bc65-56bbf4ed00a0', '50a16973-aec8-43d4-b278-1168d56fe767', NULL, 1),
	('7b6eb84d-ff5f-4300-802c-18f7205c8388', 'ddv-up-campus-reno', 'Up Campus Corporate Brochure 2025 (Lo Res).pdf', '50a16973-aec8-43d4-b278-1168d56fe767', '2025-08-26 18:26:14.401478+00', '2025-08-27 01:44:08.852796+00', '2025-08-26 18:26:14.401478+00', '{"eTag": "\"d96d82fb17a96e16d79f77b1b19b64ad-2\"", "size": 9995522, "mimetype": "application/pdf", "cacheControl": "max-age=3600", "lastModified": "2025-08-26T18:26:14.000Z", "contentLength": 9995522, "httpStatusCode": 200}', 'c3d28168-0599-4842-ab05-ca9a29724f39', '50a16973-aec8-43d4-b278-1168d56fe767', NULL, 1),
	('fb3d07bd-1679-460c-80af-a142b78cb23b', 'oz-projects-images', 'marshall-st-louis-001/floorplan/Marshall-St-Louis_C1.webp', NULL, '2025-07-20 02:40:27.591441+00', '2025-08-27 01:44:08.852796+00', '2025-07-20 02:40:27.591441+00', '{"eTag": "\"55006ed8f80ffa7a10995fe454ad475b\"", "size": 108456, "mimetype": "image/webp", "cacheControl": "max-age=3600", "lastModified": "2025-07-20T02:55:13.000Z", "contentLength": 108456, "httpStatusCode": 200}', 'bcd96ace-81dd-471c-ac2b-e05f7da8567d', NULL, NULL, 3),
	('751d2917-8f04-4871-87cd-1500e78b6e47', 'oz_webinars', '2025-11-12-colin-walsh-oz-tax/Colin J. Walsh - Protrait.png', NULL, '2025-11-02 12:15:19.967063+00', '2025-11-02 12:15:19.967063+00', '2025-11-02 12:15:19.967063+00', '{"eTag": "\"ad346f09b8d6dd1aefa91f249b8d6bec-1\"", "size": 408501, "mimetype": "image/png", "cacheControl": "max-age=3600", "lastModified": "2025-11-02T12:15:19.000Z", "contentLength": 408501, "httpStatusCode": 200}', 'f833516e-b5f1-4a5c-8f36-5c200c17920f', NULL, NULL, 2),
	('e7d1cbf0-32e4-468f-a844-c7f578364a0b', 'oz-projects-images', 'oz-recap-fund-001/details/portfolio-projects/avian/.emptyFolderPlaceholder', NULL, '2025-10-24 15:31:37.549684+00', '2025-10-26 11:10:31.448194+00', '2025-10-24 15:31:37.549684+00', '{"eTag": "\"d41d8cd98f00b204e9800998ecf8427e\"", "size": 0, "mimetype": "application/octet-stream", "cacheControl": "max-age=3600", "lastModified": "2025-10-26T11:10:32.000Z", "contentLength": 0, "httpStatusCode": 200}', '0cc697c9-0342-4da1-93f6-837f8eb9324d', NULL, '{}', 5),
	('8b71924b-ed14-488d-b7f2-55c9a22c7de3', 'oz_webinars', '2025-09-30-family-offices/FOWebinar.png', NULL, '2025-11-02 12:34:02.596609+00', '2025-11-02 12:34:02.596609+00', '2025-11-02 12:34:02.596609+00', '{"eTag": "\"926cfda0c7c92e51da44f7922b39b024-1\"", "size": 1467110, "mimetype": "image/png", "cacheControl": "max-age=3600", "lastModified": "2025-11-02T12:34:01.000Z", "contentLength": 1467110, "httpStatusCode": 200}', 'f5688857-3c2b-4929-8ba1-f26ee9268599', NULL, NULL, 2),
	('f799b8f4-c9aa-4161-9f53-8a022aa66087', 'oz_webinars', '2025-10-14-legal-101/OZL Webinar Banner Oct 14 v2.png', NULL, '2025-10-09 21:51:34.048122+00', '2025-10-09 21:51:34.048122+00', '2025-10-09 21:51:34.048122+00', '{"eTag": "\"df9661c8488bc12db7e57632e728c917-1\"", "size": 1749216, "mimetype": "image/png", "cacheControl": "max-age=3600", "lastModified": "2025-10-09T21:51:34.000Z", "contentLength": 1749216, "httpStatusCode": 200}', '72cfc1d4-e394-4607-9bc3-4303ef149664', NULL, NULL, 2),
	('365d62ec-43b7-4bc1-8490-8f4c3b85079a', 'oz-projects-images', 'marshall-st-louis-001/floorplan/Marshall-St-Louis_A1.webp', NULL, '2025-07-20 02:40:27.503133+00', '2025-08-27 01:44:08.852796+00', '2025-07-20 02:40:27.503133+00', '{"eTag": "\"4a2217259de70d32393e361bca2b2a90\"", "size": 90446, "mimetype": "image/webp", "cacheControl": "max-age=3600", "lastModified": "2025-07-20T02:55:13.000Z", "contentLength": 90446, "httpStatusCode": 200}', 'f68b780a-d618-434b-b591-2f95fe91c563', NULL, NULL, 3),
	('d1284687-bc28-420f-9c02-376759c011ed', 'oz-projects-images', 'marshall-st-louis-001/general/Screenshot 2025-02-19 at 2.18.55 PM.png', NULL, '2025-07-20 02:38:37.606208+00', '2025-08-27 01:44:08.852796+00', '2025-07-20 02:38:37.606208+00', '{"eTag": "\"78d2b2b4a102949b75d6994ab0203c7f\"", "size": 1615713, "mimetype": "image/png", "cacheControl": "max-age=3600", "lastModified": "2025-07-20T02:54:44.000Z", "contentLength": 1615713, "httpStatusCode": 200}', '919c06f2-88ef-4b6b-8905-4f147180db83', NULL, NULL, 3),
	('0d66315c-c245-41e0-83b0-7bc0e8bfafb3', 'oz-projects-images', 'sogood-dallas-001/general/HOQUE IMAGES 20241029 - 12.jpg', NULL, '2025-07-20 02:28:58.874733+00', '2025-08-27 01:44:08.852796+00', '2025-07-20 02:28:58.874733+00', '{"eTag": "\"fcabe45074659a58196e6986a8949ff4\"", "size": 4061123, "mimetype": "image/jpeg", "cacheControl": "max-age=3600", "lastModified": "2025-07-20T02:56:02.000Z", "contentLength": 4061123, "httpStatusCode": 200}', 'a8801d70-1087-4439-b76c-f1fcdbd76179', NULL, NULL, 3),
	('c3634fc0-dffc-4336-9395-68692a52d2d8', 'oz-projects-images', 'sogood-dallas-001/general/HOQUE IMAGES 20241029 - 32.jpg', NULL, '2025-07-20 02:30:53.010217+00', '2025-08-27 01:44:08.852796+00', '2025-07-20 02:30:53.010217+00', '{"eTag": "\"82db39f3a14fb3402a0cc364bd149b49\"", "size": 4314119, "mimetype": "image/jpeg", "cacheControl": "max-age=3600", "lastModified": "2025-07-20T02:56:02.000Z", "contentLength": 4314119, "httpStatusCode": 200}', '167046f0-5eef-43f7-b0b3-64e3c4405bfa', NULL, NULL, 3),
	('0b9da00c-7346-41a2-a403-c596f67d0091', 'oz-projects-images', 'sogood-dallas-001/general/HOQUE IMAGES 20241029 - 33.jpg', NULL, '2025-07-20 02:30:51.58537+00', '2025-08-27 01:44:08.852796+00', '2025-07-20 02:30:51.58537+00', '{"eTag": "\"56ba9af1bde1042e649095a3611195e5\"", "size": 3617098, "mimetype": "image/jpeg", "cacheControl": "max-age=3600", "lastModified": "2025-07-20T02:56:02.000Z", "contentLength": 3617098, "httpStatusCode": 200}', '771ca4e2-7e4d-4c01-bdca-10290c3ac5a6', NULL, NULL, 3),
	('0c4c376c-8fbc-4017-8768-4c51c24af6fb', 'oz-projects-images', 'sogood-dallas-001/general/HOQUE IMAGES 20241029 - 34.jpg', NULL, '2025-07-20 02:30:51.559907+00', '2025-08-27 01:44:08.852796+00', '2025-07-20 02:30:51.559907+00', '{"eTag": "\"ac7721bf8a8e69c7226bdc0907eba49a\"", "size": 3475643, "mimetype": "image/jpeg", "cacheControl": "max-age=3600", "lastModified": "2025-07-20T02:56:02.000Z", "contentLength": 3475643, "httpStatusCode": 200}', 'bb2d6804-1c3f-4a5b-bb78-d3bce2af6cd4', NULL, NULL, 3),
	('82799b75-acfa-4fbf-8681-c8860a842b5d', 'oz-projects-images', 'sogood-dallas-001/general/HOQUE IMAGES 20241029 - 35.jpg', NULL, '2025-07-20 02:30:52.955961+00', '2025-08-27 01:44:08.852796+00', '2025-07-20 02:30:52.955961+00', '{"eTag": "\"4a27398377ce85fb9d266c502856da0b\"", "size": 4692245, "mimetype": "image/jpeg", "cacheControl": "max-age=3600", "lastModified": "2025-07-20T02:56:02.000Z", "contentLength": 4692245, "httpStatusCode": 200}', '5c04d30d-a95b-482a-8366-568c891ac75a', NULL, NULL, 3),
	('f4fd5888-b2ed-4206-8c11-6dc9cb0905d4', 'oz-projects-images', 'up-campus-reno-001/floorplan/Screenshot 2025-08-06 at 7.40.07 PM.png', NULL, '2025-08-07 02:41:17.893875+00', '2025-08-27 01:44:08.852796+00', '2025-08-07 02:41:17.893875+00', '{"eTag": "\"01c43fa2b36e4e6fc0a3f2e0ae5e6be2-1\"", "size": 3260704, "mimetype": "image/png", "cacheControl": "max-age=3600", "lastModified": "2025-08-07T02:41:18.000Z", "contentLength": 3260704, "httpStatusCode": 200}', '122f2b13-f392-429d-ac9f-20865618a1b2', NULL, NULL, 3),
	('a53a6a07-7a26-4341-bf96-3c83fa8842fe', 'oz-projects-images', 'marshall-st-louis-001/floorplan/Marshall-St-Louis_D4.webp', NULL, '2025-07-20 02:40:27.397823+00', '2025-08-27 01:44:08.852796+00', '2025-07-20 02:40:27.397823+00', '{"eTag": "\"9f2f3fd7df9056b0e942cfeee895ac26\"", "size": 111574, "mimetype": "image/webp", "cacheControl": "max-age=3600", "lastModified": "2025-07-20T02:55:13.000Z", "contentLength": 111574, "httpStatusCode": 200}', 'd1befa6e-58a3-433b-b188-c3da06ee5c34', NULL, NULL, 3),
	('38382c02-cf89-46b4-bc2d-a08f7dd2a3c9', 'oz-projects-images', 'sogood-dallas-001/general/HOQUE IMAGES 20241029 - 4.jpg', NULL, '2025-07-20 02:28:53.327164+00', '2025-08-27 01:44:08.852796+00', '2025-07-20 02:28:53.327164+00', '{"eTag": "\"62ac354cd419c34f5f42a8b0645418d9\"", "size": 3944985, "mimetype": "image/jpeg", "cacheControl": "max-age=3600", "lastModified": "2025-07-20T02:56:02.000Z", "contentLength": 3944985, "httpStatusCode": 200}', 'a7e38ef7-e06e-4864-b08c-a3a245eec9d2', NULL, NULL, 3),
	('5127a2c4-effb-4d98-b2e7-0a231522f1b3', 'oz-projects-images', 'sogood-dallas-001/general/HOQUE IMAGES 20241029 - 5.jpg', NULL, '2025-07-20 02:28:53.302156+00', '2025-08-27 01:44:08.852796+00', '2025-07-20 02:28:53.302156+00', '{"eTag": "\"d9e060032377638e19cbdaee8c018df1\"", "size": 3923249, "mimetype": "image/jpeg", "cacheControl": "max-age=3600", "lastModified": "2025-07-20T02:56:02.000Z", "contentLength": 3923249, "httpStatusCode": 200}', '9ef7b993-53c8-4f7f-a118-e85462465f9e', NULL, NULL, 3),
	('342df2a4-5f5c-4a68-b5d1-aa7ad180aeeb', 'oz-projects-images', 'sogood-dallas-001/general/HOQUE IMAGES 20241029 - 6.jpg', NULL, '2025-07-20 02:28:52.721778+00', '2025-08-27 01:44:08.852796+00', '2025-07-20 02:28:52.721778+00', '{"eTag": "\"c35c302e98895b61e260e36eab202a19\"", "size": 3416866, "mimetype": "image/jpeg", "cacheControl": "max-age=3600", "lastModified": "2025-07-20T02:56:02.000Z", "contentLength": 3416866, "httpStatusCode": 200}', 'd34d3f2c-f319-448d-b9ae-09e65d3c9fa3', NULL, NULL, 3),
	('68ec5b55-be06-48d9-ad5e-5a95bfe96120', 'oz-projects-images', 'sogood-dallas-001/general/HOQUE IMAGES 20241029 - 7.jpg', NULL, '2025-07-20 02:28:53.669828+00', '2025-08-27 01:44:08.852796+00', '2025-07-20 02:28:53.669828+00', '{"eTag": "\"80946c4ace059957cae352338fe5dd4c\"", "size": 4480501, "mimetype": "image/jpeg", "cacheControl": "max-age=3600", "lastModified": "2025-07-20T02:56:02.000Z", "contentLength": 4480501, "httpStatusCode": 200}', 'c7b72215-97d6-471a-a2f6-a3d05b001efa', NULL, NULL, 3),
	('aec0fc80-9399-4ad7-8ace-571017469762', 'oz-projects-images', 'sogood-dallas-001/general/HOQUE IMAGES 20241029 - 8.jpg', NULL, '2025-07-20 02:28:53.580319+00', '2025-08-27 01:44:08.852796+00', '2025-07-20 02:28:53.580319+00', '{"eTag": "\"f659eed2b74c386fc8b5f673c17c5bb8\"", "size": 4826241, "mimetype": "image/jpeg", "cacheControl": "max-age=3600", "lastModified": "2025-07-20T02:56:02.000Z", "contentLength": 4826241, "httpStatusCode": 200}', 'bed60c2e-bc1a-4280-a5e7-7a36d57e6e4c', NULL, NULL, 3),
	('c971e5c2-a6a6-4e9d-bac2-f35e3580824b', 'oz-projects-images', 'sogood-dallas-001/general/HOQUE IMAGES 20241029 - 9.jpg', NULL, '2025-07-20 02:28:52.818443+00', '2025-08-27 01:44:08.852796+00', '2025-07-20 02:28:52.818443+00', '{"eTag": "\"4453b410ba302c0a0ad9a818900cba9f\"", "size": 3384429, "mimetype": "image/jpeg", "cacheControl": "max-age=3600", "lastModified": "2025-07-20T02:56:02.000Z", "contentLength": 3384429, "httpStatusCode": 200}', 'e67828d4-2240-4852-8dcd-fe83529c70b6', NULL, NULL, 3),
	('e24f1c94-16e1-4d06-95c2-5f5e5b469dc8', 'oz-projects-images', 'sogood-dallas-001/sitemap/.emptyFolderPlaceholder', NULL, '2025-07-20 02:55:40.906197+00', '2025-08-27 01:44:08.852796+00', '2025-07-20 02:55:40.906197+00', '{"eTag": "\"d41d8cd98f00b204e9800998ecf8427e\"", "size": 0, "mimetype": "application/octet-stream", "cacheControl": "max-age=3600", "lastModified": "2025-07-20T02:55:41.000Z", "contentLength": 0, "httpStatusCode": 200}', '09c61f1d-013d-4dbf-afd5-b919c283a27e', NULL, '{}', 3),
	('ba083494-74a6-4b5b-8e01-7aaea823d792', 'oz-projects-images', 'sogood-dallas-001/sitemap/HOQUE IMAGES 20241029 - 20.jpg', NULL, '2025-07-20 02:37:38.053555+00', '2025-08-27 01:44:08.852796+00', '2025-07-20 02:37:38.053555+00', '{"eTag": "\"9cda0cc8082475fcc8392ff4dd2dc00e\"", "size": 558329, "mimetype": "image/jpeg", "cacheControl": "max-age=3600", "lastModified": "2025-07-20T02:56:18.000Z", "contentLength": 558329, "httpStatusCode": 200}', 'f3c36562-9b90-445e-981e-21400b26bce3', NULL, NULL, 3),
	('c50abc92-b271-4947-b8d8-0e7796dcb385', 'oz-projects-images', 'sogood-dallas-001/sitemap/HOQUE IMAGES 20241029 - 21.jpg', NULL, '2025-07-20 02:37:38.258294+00', '2025-08-27 01:44:08.852796+00', '2025-07-20 02:37:38.258294+00', '{"eTag": "\"f3f5b7bf4951ee2c01804b231c4b5902\"", "size": 1067017, "mimetype": "image/jpeg", "cacheControl": "max-age=3600", "lastModified": "2025-07-20T02:56:18.000Z", "contentLength": 1067017, "httpStatusCode": 200}', 'c7ef4465-cc0d-4bd9-ac6d-e4e366d47385', NULL, NULL, 3),
	('44bf9883-bb01-46ef-bd2e-0fd1b0aab2b0', 'oz-projects-images', 'sogood-dallas-001/sitemap/HOQUE IMAGES 20241029 - 22.jpg', NULL, '2025-07-20 02:37:39.248141+00', '2025-08-27 01:44:08.852796+00', '2025-07-20 02:37:39.248141+00', '{"eTag": "\"b313586642df143851d1bb83df1143fa\"", "size": 1807385, "mimetype": "image/jpeg", "cacheControl": "max-age=3600", "lastModified": "2025-07-20T02:56:18.000Z", "contentLength": 1807385, "httpStatusCode": 200}', '5cdb8424-9fd5-4a8d-9065-ce8e6ae6f3e0', NULL, NULL, 3),
	('ff01716b-71e7-4558-83a3-f759189fae6e', 'oz-projects-images', 'up-campus-reno-001/sitemap/ZIMG2.jpg', NULL, '2025-08-07 02:31:43.807505+00', '2025-08-27 01:44:08.852796+00', '2025-08-07 02:31:43.807505+00', '{"eTag": "\"e3c934d5603c0042a938dc28129cdbd5\"", "size": 4218688, "mimetype": "image/jpeg", "cacheControl": "max-age=3600", "lastModified": "2025-08-07T02:33:08.000Z", "contentLength": 4218688, "httpStatusCode": 200}', '590ab30a-8ade-4584-b3a2-8e65025ea4c9', NULL, NULL, 3),
	('58d470b4-498a-4915-b0e4-556c101b8462', 'oz_webinars', '2025-10-28-nova-reno/2025-10-28-nova-reno.png', NULL, '2025-10-19 21:55:56.464069+00', '2025-10-19 22:02:27.001683+00', '2025-10-19 21:55:56.464069+00', '{"eTag": "\"79a33e68a59520c0197b0900d4b0a600\"", "size": 2740464, "mimetype": "image/png", "cacheControl": "max-age=3600", "lastModified": "2025-10-19T22:02:27.000Z", "contentLength": 2740464, "httpStatusCode": 200}', 'ecc54c53-5f1a-4467-8acd-55d4b0391256', NULL, NULL, 2),
	('7432b80f-ae31-4414-8f5d-969141f9eb67', 'oz_webinars', '2025-10-28-nova-reno/2025-10-28-nova-reno-team-img.png', NULL, '2025-10-19 22:31:24.195494+00', '2025-10-19 22:31:24.195494+00', '2025-10-19 22:31:24.195494+00', '{"eTag": "\"5276e00cb1ca330737a6900c2184b42e-1\"", "size": 1618784, "mimetype": "image/png", "cacheControl": "max-age=3600", "lastModified": "2025-10-19T22:31:24.000Z", "contentLength": 1618784, "httpStatusCode": 200}', '3e597100-e5ca-4244-a273-06ccba5743c1', NULL, NULL, 2),
	('3778cef8-a5bb-4bcc-b376-4d8cc9572523', 'oz-projects-images', 'marshall-st-louis-001/floorplan/Marshall-St-Louis_D1.webp', NULL, '2025-07-20 02:40:27.504066+00', '2025-08-27 01:44:08.852796+00', '2025-07-20 02:40:27.504066+00', '{"eTag": "\"04af0af98852f4c01beb63f4af1971ac\"", "size": 112082, "mimetype": "image/webp", "cacheControl": "max-age=3600", "lastModified": "2025-07-20T02:55:13.000Z", "contentLength": 112082, "httpStatusCode": 200}', '4e681fbc-622b-4c86-8992-7d850e06fc24', NULL, NULL, 3),
	('cdfd7cf0-5580-4995-9300-4033494e4660', 'oz_webinars', '2025-12-16-recap-fund/Recap Banner New Blue 1920 2.png', NULL, '2025-12-12 14:06:26.2676+00', '2025-12-12 14:13:46.347159+00', '2025-12-12 14:06:26.2676+00', '{"eTag": "\"65a7c7ec16c264c3db92773b9c7daaff\"", "size": 2173158, "mimetype": "image/png", "cacheControl": "max-age=3600", "lastModified": "2025-12-12T14:13:47.000Z", "contentLength": 2173158, "httpStatusCode": 200}', '3274c21a-6501-453c-890f-00bead1b0688', NULL, NULL, 2),
	('d703be19-3054-44c0-b887-a31e0af4b5f0', 'oz-projects-images', 'sogood-dallas-001/general/HOQUE IMAGES 20241029 - 19.jpg', NULL, '2025-07-20 02:28:55.431872+00', '2025-08-27 01:44:08.852796+00', '2025-07-20 02:28:55.431872+00', '{"eTag": "\"f9452d4470782adcb56aaf9b04d3746d\"", "size": 1054538, "mimetype": "image/jpeg", "cacheControl": "max-age=3600", "lastModified": "2025-07-20T02:56:02.000Z", "contentLength": 1054538, "httpStatusCode": 200}', '549125e7-0740-4175-9ded-51110b101b28', NULL, NULL, 3),
	('de148a87-f9ef-4c0f-b8bb-cad9fc5a3762', 'oz-projects-images', 'sogood-dallas-001/sitemap/HOQUE IMAGES 20241029 - 23.jpg', NULL, '2025-07-20 02:37:39.449728+00', '2025-08-27 01:44:08.852796+00', '2025-07-20 02:37:39.449728+00', '{"eTag": "\"19feb6ed8023b9715f3e0a68f46708f3\"", "size": 2291263, "mimetype": "image/jpeg", "cacheControl": "max-age=3600", "lastModified": "2025-07-20T02:56:18.000Z", "contentLength": 2291263, "httpStatusCode": 200}', 'f20277cd-5b20-46c7-a2b0-c846fbe118fc', NULL, NULL, 3),
	('5f4bdba8-97b0-4188-b3d1-d1a890085d1b', 'oz-projects-images', 'sogood-dallas-001/sitemap/HOQUE IMAGES 20241029 - 26.jpg', NULL, '2025-07-20 02:37:38.384354+00', '2025-08-27 01:44:08.852796+00', '2025-07-20 02:37:38.384354+00', '{"eTag": "\"9bfbb60ada9bafd816a5a3dd1a88122f\"", "size": 1143362, "mimetype": "image/jpeg", "cacheControl": "max-age=3600", "lastModified": "2025-07-20T02:56:18.000Z", "contentLength": 1143362, "httpStatusCode": 200}', '779111da-beee-41a0-a4b9-bbbd4312f08f', NULL, NULL, 3),
	('cee297d5-b1f0-4f5a-bd92-8f14d71fd185', 'oz-projects-images', 'sogood-dallas-001/sitemap/HOQUE IMAGES 20241029 - 27.jpg', NULL, '2025-07-20 02:37:41.030653+00', '2025-08-27 01:44:08.852796+00', '2025-07-20 02:37:41.030653+00', '{"eTag": "\"4ddcf4f0064f139f44e1d1b994b9bc0c\"", "size": 5601839, "mimetype": "image/jpeg", "cacheControl": "max-age=3600", "lastModified": "2025-07-20T02:56:18.000Z", "contentLength": 5601839, "httpStatusCode": 200}', '23c4dc03-4960-4204-b4cb-dd7b1a4c1386', NULL, NULL, 3),
	('fdac37d1-6134-421c-aaaf-3d3fa6aba7dc', 'oz-projects-images', 'sogood-dallas-001/sitemap/HOQUE IMAGES 20241029 - 36.jpg', NULL, '2025-07-20 02:37:40.776247+00', '2025-08-27 01:44:08.852796+00', '2025-07-20 02:37:40.776247+00', '{"eTag": "\"4d8bbbd9e07e22643c123594d46c61b5\"", "size": 5537640, "mimetype": "image/jpeg", "cacheControl": "max-age=3600", "lastModified": "2025-07-20T02:56:18.000Z", "contentLength": 5537640, "httpStatusCode": 200}', 'c47dab80-3841-4248-8d46-8a68ced58667', NULL, NULL, 3),
	('7f4e6ced-c96f-4d7d-a24d-72d196765399', 'oz-projects-images', 'sogood-dallas-001/sitemap/HOQUE IMAGES 20241029 - 37.jpg', NULL, '2025-07-20 02:37:40.351639+00', '2025-08-27 01:44:08.852796+00', '2025-07-20 02:37:40.351639+00', '{"eTag": "\"fb13892a94a62ce9d3842a0ceec45ffa\"", "size": 3950876, "mimetype": "image/jpeg", "cacheControl": "max-age=3600", "lastModified": "2025-07-20T02:56:18.000Z", "contentLength": 3950876, "httpStatusCode": 200}', 'af8e38b3-0cf5-4ad5-a435-b94dfef36de9', NULL, NULL, 3),
	('564af094-2643-42e7-a5d6-35fd4982035d', 'oz-projects-images', 'up-campus-reno-001/general/Aerial.png', NULL, '2025-08-25 19:05:23.200503+00', '2025-08-27 01:44:08.852796+00', '2025-08-25 19:05:23.200503+00', '{"eTag": "\"34e77bd0a7ab91ea2164ed98375a81c4\"", "size": 4392641, "mimetype": "image/png", "cacheControl": "max-age=3600", "lastModified": "2025-08-25T19:05:33.000Z", "contentLength": 4392641, "httpStatusCode": 200}', 'b0ee290e-9a96-4aee-a256-536aa386db5b', NULL, NULL, 3),
	('9e7a7fa9-1d56-49a9-8649-417576b34df3', 'oz-projects-images', 'up-campus-reno-001/general/Berial.png', NULL, '2025-08-25 20:19:09.833971+00', '2025-08-27 01:44:08.852796+00', '2025-08-25 20:19:09.833971+00', '{"eTag": "\"43e30fff132638a9584b2fc185443e1d\"", "size": 3336405, "mimetype": "image/png", "cacheControl": "max-age=3600", "lastModified": "2025-08-25T20:19:19.000Z", "contentLength": 3336405, "httpStatusCode": 200}', '82af81f1-6202-4b74-9398-3449c3a10f39', NULL, NULL, 3),
	('8d2d3d2a-8fd0-4050-a7b8-8dc5c9c78c5b', 'oz-projects-images', 'up-campus-reno-001/general/C.png', NULL, '2025-08-25 20:35:04.458088+00', '2025-08-27 01:44:08.852796+00', '2025-08-25 20:35:04.458088+00', '{"eTag": "\"5ce6b9cd4338c473a1cef03c3f4ca355\"", "size": 3170098, "mimetype": "image/png", "cacheControl": "max-age=3600", "lastModified": "2025-08-25T21:54:33.000Z", "contentLength": 3170098, "httpStatusCode": 200}', 'bfb13a91-10f4-4257-9d53-42565cf575d8', NULL, NULL, 3),
	('54245b57-a682-4680-8e51-278e172c6f36', 'oz-projects-images', 'up-campus-reno-001/general/D.png', NULL, '2025-08-25 20:35:08.001574+00', '2025-08-27 01:44:08.852796+00', '2025-08-25 20:35:08.001574+00', '{"eTag": "\"b5c22a64981494bddf132f9607dbdaa8\"", "size": 3632151, "mimetype": "image/png", "cacheControl": "max-age=3600", "lastModified": "2025-08-25T21:54:38.000Z", "contentLength": 3632151, "httpStatusCode": 200}', '1e8b4bd1-f6e1-4826-801b-6f6c46c1e42c', NULL, NULL, 3),
	('b21746a9-d3f1-45d5-a08d-e125e3acda5d', 'oz-projects-images', 'up-campus-reno-001/sitemap/Screenshot 2025-08-06 at 12.52.31 PM.png', NULL, '2025-08-06 19:55:49.554941+00', '2025-08-27 01:44:08.852796+00', '2025-08-06 19:55:49.554941+00', '{"eTag": "\"cbe2517d5364610779c56c71bebe828e-2\"", "size": 9556119, "mimetype": "image/png", "cacheControl": "max-age=3600", "lastModified": "2025-08-06T19:55:45.000Z", "contentLength": 9556119, "httpStatusCode": 200}', '408225a8-87b1-4908-b723-372e6a1108f1', NULL, NULL, 3),
	('e906e8f0-56df-452a-9dd8-b1cd14d2089b', 'ddv-up-campus-reno', '23-0612 - BEECH ST ALTA_signed.pdf', '50a16973-aec8-43d4-b278-1168d56fe767', '2025-08-26 18:26:10.142844+00', '2025-08-27 01:44:08.852796+00', '2025-08-26 18:26:10.142844+00', '{"eTag": "\"cb5b70e0122a03a08346f41cb00b6fb9-1\"", "size": 1305391, "mimetype": "application/pdf", "cacheControl": "max-age=3600", "lastModified": "2025-08-26T18:26:10.000Z", "contentLength": 1305391, "httpStatusCode": 200}', 'b85a9e26-3c0a-41b4-a44c-d25efb14d255', '50a16973-aec8-43d4-b278-1168d56fe767', NULL, 1),
	('dbe80984-30ef-4799-bba5-86875da66342', 'ddv-up-campus-reno', 'BLD22-05573E_PLANS_REVISION9.pdf', '50a16973-aec8-43d4-b278-1168d56fe767', '2025-08-26 18:26:10.693471+00', '2025-08-27 01:44:08.852796+00', '2025-08-26 18:26:10.693471+00', '{"eTag": "\"4c3fb58911a86a52133af5835ffa5840-1\"", "size": 1567202, "mimetype": "application/pdf", "cacheControl": "max-age=3600", "lastModified": "2025-08-26T18:26:11.000Z", "contentLength": 1567202, "httpStatusCode": 200}', '95bf55a1-6709-4fb0-8bec-307fd7522a40', '50a16973-aec8-43d4-b278-1168d56fe767', NULL, 1),
	('0ae29d65-842e-4117-abf5-64e5ca05f9a3', 'ddv-up-campus-reno', 'NOVA-Reno_Exterior_2K.png', '50a16973-aec8-43d4-b278-1168d56fe767', '2025-08-26 18:26:11.390991+00', '2025-08-27 01:44:08.852796+00', '2025-08-26 18:26:11.390991+00', '{"eTag": "\"acd9098b4136a4d7b209e9c00788f365-1\"", "size": 3188451, "mimetype": "image/png", "cacheControl": "max-age=3600", "lastModified": "2025-08-26T18:26:11.000Z", "contentLength": 3188451, "httpStatusCode": 200}', 'd1dcf066-870e-4efc-8a20-82a70e24a375', '50a16973-aec8-43d4-b278-1168d56fe767', NULL, 1),
	('88d8871b-0ecb-4759-8f5d-d8840da4565e', 'ddv-up-campus-reno', 'NOVA-Reno_Lobby_2K.png', '50a16973-aec8-43d4-b278-1168d56fe767', '2025-08-26 18:26:12.115254+00', '2025-08-27 01:44:08.852796+00', '2025-08-26 18:26:12.115254+00', '{"eTag": "\"63e2ac2de7736aaa775c9d130030dc6d-1\"", "size": 3864841, "mimetype": "image/png", "cacheControl": "max-age=3600", "lastModified": "2025-08-26T18:26:12.000Z", "contentLength": 3864841, "httpStatusCode": 200}', 'f6dcc17a-7bac-4fda-ba97-9c102046c6eb', '50a16973-aec8-43d4-b278-1168d56fe767', NULL, 1),
	('b286d4b2-1762-4b48-8401-15588e6cba64', 'oz-projects-images', 'edge-on-main-mesa-001/general/Club and Main Light Rail Station.jpg', NULL, '2025-07-20 02:09:28.566568+00', '2025-08-27 01:44:08.852796+00', '2025-07-20 02:09:28.566568+00', '{"eTag": "\"8e4c67ebaf490bbc1a9e17bb94500101\"", "size": 8516050, "mimetype": "image/jpeg", "cacheControl": "max-age=3600", "lastModified": "2025-07-20T02:50:04.000Z", "contentLength": 8516050, "httpStatusCode": 200}', 'f20882ff-2810-43d8-97ae-499b032ee3bb', NULL, NULL, 3),
	('1287f497-82c5-447f-bb9b-2b636770442d', 'oz-projects-images', 'edge-on-main-mesa-001/general/Corner.jpg', NULL, '2025-07-20 02:09:27.230896+00', '2025-08-27 01:44:08.852796+00', '2025-07-20 02:09:27.230896+00', '{"eTag": "\"da7b6a31fdbe73658a7da9aec5d9be46\"", "size": 1616891, "mimetype": "image/jpeg", "cacheControl": "max-age=3600", "lastModified": "2025-07-20T02:50:04.000Z", "contentLength": 1616891, "httpStatusCode": 200}', 'f20a51a8-f137-4bfa-9c98-40ce40cb240d', NULL, NULL, 3),
	('baf87a37-6cd7-40ad-ba78-976abe9b7eb1', 'oz-projects-images', 'edge-on-main-mesa-001/general/Front Image.jpg', NULL, '2025-07-20 02:09:27.448181+00', '2025-08-27 01:44:08.852796+00', '2025-07-20 02:09:27.448181+00', '{"eTag": "\"562a1e373e0b4d7eb5397d4973e3e574\"", "size": 2655173, "mimetype": "image/jpeg", "cacheControl": "max-age=3600", "lastModified": "2025-07-20T02:50:04.000Z", "contentLength": 2655173, "httpStatusCode": 200}', 'f59fcda8-eadb-4763-ad11-091905dde80a', NULL, NULL, 3),
	('900fe89d-cb2c-4410-a8bb-a06138c8e40e', 'oz-projects-images', 'edge-on-main-mesa-001/general/Front again.jpg', NULL, '2025-07-20 02:09:27.088949+00', '2025-08-27 01:44:08.852796+00', '2025-07-20 02:09:27.088949+00', '{"eTag": "\"e4a896beb4b739f9304c23a6a8b5d965\"", "size": 1322481, "mimetype": "image/jpeg", "cacheControl": "max-age=3600", "lastModified": "2025-07-20T02:50:04.000Z", "contentLength": 1322481, "httpStatusCode": 200}', '26e1e86b-1d9a-48b6-a52b-92ed472a45c3', NULL, NULL, 3),
	('47d5b5e4-7746-498d-b441-fbce75ba8dc7', 'oz-projects-images', 'edge-on-main-mesa-001/general/Pass through.jpg', NULL, '2025-07-20 02:09:27.45018+00', '2025-08-27 01:44:08.852796+00', '2025-07-20 02:09:27.45018+00', '{"eTag": "\"6cee68f218325df93d17be99c6accc36\"", "size": 1566327, "mimetype": "image/jpeg", "cacheControl": "max-age=3600", "lastModified": "2025-07-20T02:50:04.000Z", "contentLength": 1566327, "httpStatusCode": 200}', 'ed9f76dc-e849-4378-8e5b-fb87d3c01506', NULL, NULL, 3),
	('c49fc59c-23e1-4994-a617-b88310f93c5f', 'oz-projects-images', 'marshall-st-louis-001/floorplan/.emptyFolderPlaceholder', NULL, '2025-07-20 02:54:19.36232+00', '2025-08-27 01:44:08.852796+00', '2025-07-20 02:54:19.36232+00', '{"eTag": "\"d41d8cd98f00b204e9800998ecf8427e\"", "size": 0, "mimetype": "application/octet-stream", "cacheControl": "max-age=3600", "lastModified": "2025-07-20T02:54:20.000Z", "contentLength": 0, "httpStatusCode": 200}', '0bb25555-1fdf-4d76-add8-af0fe33ea16a', NULL, '{}', 3),
	('98be310f-950c-462a-b68c-83474ceb462b', 'oz-projects-images', 'marshall-st-louis-001/floorplan/Marshall-St-Louis_D2.webp', NULL, '2025-07-20 02:40:27.515392+00', '2025-08-27 01:44:08.852796+00', '2025-07-20 02:40:27.515392+00', '{"eTag": "\"9f1f9fb25e89127c3a54cb333ededa27\"", "size": 99410, "mimetype": "image/webp", "cacheControl": "max-age=3600", "lastModified": "2025-07-20T02:55:13.000Z", "contentLength": 99410, "httpStatusCode": 200}', 'a8599f0e-81c9-427a-84da-ce128ba94985', NULL, NULL, 3),
	('c8570c07-ca92-48e5-917e-caa84ce0c4cd', 'oz-projects-images', 'marshall-st-louis-001/general/.emptyFolderPlaceholder', NULL, '2025-07-20 02:54:25.962412+00', '2025-08-27 01:44:08.852796+00', '2025-07-20 02:54:25.962412+00', '{"eTag": "\"d41d8cd98f00b204e9800998ecf8427e\"", "size": 0, "mimetype": "application/octet-stream", "cacheControl": "max-age=3600", "lastModified": "2025-07-20T02:54:26.000Z", "contentLength": 0, "httpStatusCode": 200}', 'ed2dab40-8bd6-4813-a018-d6fa98777998', NULL, '{}', 3),
	('4839f7e8-14bf-444d-bda4-1f1e82305f70', 'oz-projects-images', 'marshall-st-louis-001/general/R01-1_DAY-PERSPECTIVE_MARSHALL-MO_4KTV_01.09.24-scaled.jpeg', NULL, '2025-07-20 02:38:36.745225+00', '2025-08-27 01:44:08.852796+00', '2025-07-20 02:38:36.745225+00', '{"eTag": "\"3c4e04c615d2a0007ba758dd29849d61\"", "size": 1133445, "mimetype": "image/jpeg", "cacheControl": "max-age=3600", "lastModified": "2025-07-20T02:54:44.000Z", "contentLength": 1133445, "httpStatusCode": 200}', '1c7c3faf-9232-4393-aa28-369e767b28ca', NULL, NULL, 3),
	('bfcaac1a-0fc6-4779-bba6-9aa26f430b11', 'oz-projects-images', 'marshall-st-louis-001/floorplan/Marshall-St-Louis_C2.webp', NULL, '2025-07-20 02:40:27.618315+00', '2025-08-27 01:44:08.852796+00', '2025-07-20 02:40:27.618315+00', '{"eTag": "\"29e0e4c17f7b8118c89f1c5b814fa1d4\"", "size": 112580, "mimetype": "image/webp", "cacheControl": "max-age=3600", "lastModified": "2025-07-20T02:55:13.000Z", "contentLength": 112580, "httpStatusCode": 200}', '0df87e7f-fc48-46eb-91f5-43c92ac7b7d1', NULL, NULL, 3),
	('87c5848c-4ed4-4839-8024-cd7cce36311c', 'oz-projects-images', 'marshall-st-louis-001/floorplan/Marshall-St-Louis_S1.webp', NULL, '2025-07-20 02:40:28.83273+00', '2025-08-27 01:44:08.852796+00', '2025-07-20 02:40:28.83273+00', '{"eTag": "\"50af9583a22914fdd4a4e57f5e34163a\"", "size": 65298, "mimetype": "image/webp", "cacheControl": "max-age=3600", "lastModified": "2025-07-20T02:55:13.000Z", "contentLength": 65298, "httpStatusCode": 200}', '4c02b55f-e2a3-461b-9ee0-920733cae1fc', NULL, NULL, 3),
	('6931a54b-e684-49f0-a39a-e6b8fbe56f7e', 'oz-projects-images', 'marshall-st-louis-001/general/R01-1_DAY-PERSPECTIVE_MARSHALL-MO_4KTV_01.09.24-scaled.webp', NULL, '2025-07-20 02:38:36.601479+00', '2025-08-27 01:44:08.852796+00', '2025-07-20 02:38:36.601479+00', '{"eTag": "\"b779507da24fd9c0e33a9658fdcea56c\"", "size": 463366, "mimetype": "image/webp", "cacheControl": "max-age=3600", "lastModified": "2025-07-20T02:54:44.000Z", "contentLength": 463366, "httpStatusCode": 200}', '588bb659-d800-4a33-aded-70e543e73c99', NULL, NULL, 3),
	('b0550191-858e-425e-9cf9-53503a2d7df2', 'oz-projects-images', 'marshall-st-louis-001/general/R02-1_DAY-COURTYARD_MARSHALL-MO_4KTV_01.16.24-scaled.webp', NULL, '2025-07-20 02:38:36.649131+00', '2025-08-27 01:44:08.852796+00', '2025-07-20 02:38:36.649131+00', '{"eTag": "\"79a9a29ae3ece2dd823cb4f4cbe232c4\"", "size": 405830, "mimetype": "image/webp", "cacheControl": "max-age=3600", "lastModified": "2025-07-20T02:54:45.000Z", "contentLength": 405830, "httpStatusCode": 200}', '93b4a700-0670-4c1f-80b5-25b0df79eb8d', NULL, NULL, 3),
	('c46477cf-7f07-4960-932b-8eaf90a0acb1', 'oz-projects-images', 'marshall-st-louis-001/general/R03-LOBBY-120_MARSHALL-MO_4KTV_01.26.24-scaled.jpg', NULL, '2025-07-20 02:38:36.675162+00', '2025-08-27 01:44:08.852796+00', '2025-07-20 02:38:36.675162+00', '{"eTag": "\"f5c44c951518c7ed17fdab8cf3e8a1de\"", "size": 442040, "mimetype": "image/jpeg", "cacheControl": "max-age=3600", "lastModified": "2025-07-20T02:54:44.000Z", "contentLength": 442040, "httpStatusCode": 200}', 'd9fd6760-d5ea-4c2c-a9ce-85564669c24d', NULL, NULL, 3),
	('46618ee2-a971-4e77-b0bd-e64a35344b92', 'oz-projects-images', 'marshall-st-louis-001/general/R04-CLUBROOM-125_MARSHALL-MO_4KTV_01.26.24-scaled.webp', NULL, '2025-07-20 02:38:36.463644+00', '2025-08-27 01:44:08.852796+00', '2025-07-20 02:38:36.463644+00', '{"eTag": "\"bac854022b1795c74afa38e138a97f94\"", "size": 223030, "mimetype": "image/webp", "cacheControl": "max-age=3600", "lastModified": "2025-07-20T02:54:44.000Z", "contentLength": 223030, "httpStatusCode": 200}', '7bd4bcfd-054c-406e-a006-71fd9fd68ea7', NULL, NULL, 3),
	('6957ea4e-4a51-4c78-b9dc-c2e228e79f64', 'oz-projects-images', 'marshall-st-louis-001/general/R05-STUDY-AREA-104-112_MARSHALL-MO_4KTV_01.08.24-scaled.webp', NULL, '2025-07-20 02:38:36.660037+00', '2025-08-27 01:44:08.852796+00', '2025-07-20 02:38:36.660037+00', '{"eTag": "\"368dd1f74e37bf5cdd123b6a316012f4\"", "size": 265910, "mimetype": "image/webp", "cacheControl": "max-age=3600", "lastModified": "2025-07-20T02:54:44.000Z", "contentLength": 265910, "httpStatusCode": 200}', '79a85d86-9dce-4b85-9ec7-9968bb1e33c0', NULL, NULL, 3),
	('bf9801f9-7159-4704-a56c-ac60699fb26d', 'oz-projects-images', 'marshall-st-louis-001/general/R06-FITNESS-202_MARSHALL-MO_4KTV_01.09.24-scaled-1.webp', NULL, '2025-07-20 02:38:36.559231+00', '2025-08-27 01:44:08.852796+00', '2025-07-20 02:38:36.559231+00', '{"eTag": "\"c5e3e801f2257e2c4393ef0739915ab6\"", "size": 479740, "mimetype": "image/webp", "cacheControl": "max-age=3600", "lastModified": "2025-07-20T02:54:44.000Z", "contentLength": 479740, "httpStatusCode": 200}', '1d9627a8-6105-4668-9938-626ab6c2586f', NULL, NULL, 3),
	('a652585b-68b9-4ebd-84b3-8053a6625ff6', 'oz-projects-images', 'marshall-st-louis-001/general/R07-UNIT-LIVING-KITCHEN_MARSHALL-MO_4KTV_01.09.24-scaled.webp', NULL, '2025-07-20 02:38:37.284623+00', '2025-08-27 01:44:08.852796+00', '2025-07-20 02:38:37.284623+00', '{"eTag": "\"f1db5e6def0aee969bed7b0da8ccf536\"", "size": 259106, "mimetype": "image/webp", "cacheControl": "max-age=3600", "lastModified": "2025-07-20T02:54:44.000Z", "contentLength": 259106, "httpStatusCode": 200}', 'fc9cdcdb-a958-4d37-9893-298f77a0cd1f', NULL, NULL, 3),
	('09af4052-6670-451e-ab2b-713b7ebf25fc', 'oz-projects-images', 'marshall-st-louis-001/general/R08-UNIT-BEDROOM_MARSHALL-MO_4KTV_12.14.23-scaled.webp', NULL, '2025-07-20 02:38:37.235326+00', '2025-08-27 01:44:08.852796+00', '2025-07-20 02:38:37.235326+00', '{"eTag": "\"b8df04733c17db71f1ef27477281574f\"", "size": 156252, "mimetype": "image/webp", "cacheControl": "max-age=3600", "lastModified": "2025-07-20T02:54:44.000Z", "contentLength": 156252, "httpStatusCode": 200}', 'f4b24ccc-bc31-48e0-aa36-5c821a84fdc6', NULL, NULL, 3),
	('f198e23c-f835-4695-9d1d-a8acdb2781d5', 'oz-projects-images', 'marshall-st-louis-001/general/Screenshot 2025-02-19 at 2.17.20 PM.png', NULL, '2025-07-20 02:38:37.468314+00', '2025-08-27 01:44:08.852796+00', '2025-07-20 02:38:37.468314+00', '{"eTag": "\"e9e6ec9508df1bf13ef9eb34cbd19984\"", "size": 767355, "mimetype": "image/png", "cacheControl": "max-age=3600", "lastModified": "2025-07-20T02:54:44.000Z", "contentLength": 767355, "httpStatusCode": 200}', 'bb03c288-310c-4746-ae1b-5dc995740e7f', NULL, NULL, 3),
	('851c49b1-8f01-4808-9b47-24aaf91ff109', 'oz-projects-images', 'marshall-st-louis-001/general/Screenshot 2025-02-19 at 2.17.27 PM.png', NULL, '2025-07-20 02:38:37.519679+00', '2025-08-27 01:44:08.852796+00', '2025-07-20 02:38:37.519679+00', '{"eTag": "\"75ec04f511e7c28cf30938b4c53bd36f\"", "size": 922484, "mimetype": "image/png", "cacheControl": "max-age=3600", "lastModified": "2025-07-20T02:54:44.000Z", "contentLength": 922484, "httpStatusCode": 200}', 'd2209201-5ada-426d-82eb-b37e2e865bf1', NULL, NULL, 3),
	('6776f60a-38d8-44fa-a8ec-d5821383be33', 'ddv-the-edge-on-main', '.emptyFolderPlaceholder', NULL, '2025-08-20 21:33:35.606262+00', '2025-08-27 01:44:08.852796+00', '2025-08-20 21:33:35.606262+00', '{"eTag": "\"d41d8cd98f00b204e9800998ecf8427e\"", "size": 0, "mimetype": "application/octet-stream", "cacheControl": "max-age=3600", "lastModified": "2025-08-20T21:33:35.606Z", "contentLength": 0, "httpStatusCode": 200}', 'e671e081-a027-44e8-8592-081b0aba084d', NULL, '{}', 1),
	('254aba5f-ad24-481b-9e3a-be947ae7b480', 'ddv-the-edge-on-main', 'Virginia Elections Directory Report.xlsx', NULL, '2025-08-20 21:34:00.200986+00', '2025-08-27 01:44:08.852796+00', '2025-08-20 21:34:00.200986+00', '{"eTag": "\"a8e109e37eb8b111af8d539c2d436242-1\"", "size": 35186, "mimetype": "application/vnd.openxmlformats-officedocument.spreadsheetml.sheet", "cacheControl": "max-age=3600", "lastModified": "2025-08-20T21:33:59.000Z", "contentLength": 35186, "httpStatusCode": 200}', '92d0b898-3ceb-4bfc-8d50-a19fb524d059', NULL, NULL, 1),
	('44a4eb82-4532-47bd-9479-6e1521b14c80', 'oz-projects-images', 'sogood-dallas-001/details/.emptyFolderPlaceholder', NULL, '2025-12-19 13:14:48.540471+00', '2025-12-19 13:14:48.540471+00', '2025-12-19 13:14:48.540471+00', '{"eTag": "\"d41d8cd98f00b204e9800998ecf8427e\"", "size": 0, "mimetype": "application/octet-stream", "cacheControl": "max-age=3600", "lastModified": "2025-12-19T13:14:48.541Z", "contentLength": 0, "httpStatusCode": 200}', 'be193ad1-c4bf-47ee-bf6f-af4989d1c1ed', NULL, '{}', 3),
	('bfbeaf2e-3391-485d-911b-e18b2d70bae9', 'oz-projects-images', 'up-campus-reno-001/details/.emptyFolderPlaceholder', NULL, '2025-12-19 13:15:01.105903+00', '2025-12-19 13:15:01.105903+00', '2025-12-19 13:15:01.105903+00', '{"eTag": "\"d41d8cd98f00b204e9800998ecf8427e\"", "size": 0, "mimetype": "application/octet-stream", "cacheControl": "max-age=3600", "lastModified": "2025-12-19T13:15:01.107Z", "contentLength": 0, "httpStatusCode": 200}', '79debe44-2513-4f24-8cd7-479a2a329dd1', NULL, '{}', 3),
	('562c5401-92f1-4b1c-8f45-020ca3df8c50', 'oz-projects-images', 'marshall-st-louis-001/floorplan/Marshall-St-Louis_B1.webp', NULL, '2025-07-20 02:40:27.443366+00', '2025-08-27 01:44:08.852796+00', '2025-07-20 02:40:27.443366+00', '{"eTag": "\"07796d5a556a6c4045b15c3b7634d5cc\"", "size": 96954, "mimetype": "image/webp", "cacheControl": "max-age=3600", "lastModified": "2025-07-20T02:55:13.000Z", "contentLength": 96954, "httpStatusCode": 200}', '0b468625-bdc2-4b2d-aa3d-8932b7e0298f', NULL, NULL, 3),
	('076b9b0e-a543-4de4-a8a8-9ec62b0827af', 'oz-projects-images', 'marshall-st-louis-001/general/Screenshot 2025-02-19 at 2.18.14 PM.png', NULL, '2025-07-20 02:38:37.36596+00', '2025-08-27 01:44:08.852796+00', '2025-07-20 02:38:37.36596+00', '{"eTag": "\"a0b8e169562d3120a25ce5b67cda4e6d\"", "size": 494992, "mimetype": "image/png", "cacheControl": "max-age=3600", "lastModified": "2025-07-20T02:54:44.000Z", "contentLength": 494992, "httpStatusCode": 200}', 'b3f32175-577e-4a9c-80a6-a7eedd0d3fdd', NULL, NULL, 3),
	('f77e852a-245c-4b4c-ad0b-4fa911c2a0ae', 'oz-projects-images', 'marshall-st-louis-001/sitemap/.emptyFolderPlaceholder', NULL, '2025-07-20 02:54:23.016332+00', '2025-08-27 01:44:08.852796+00', '2025-07-20 02:54:23.016332+00', '{"eTag": "\"d41d8cd98f00b204e9800998ecf8427e\"", "size": 0, "mimetype": "application/octet-stream", "cacheControl": "max-age=3600", "lastModified": "2025-07-20T02:54:23.000Z", "contentLength": 0, "httpStatusCode": 200}', '0199575d-6662-43ea-8e04-114b10225c58', NULL, '{}', 3),
	('d97a3cbb-9a55-428e-9c56-4b283bcd54db', 'oz-projects-images', 'sogood-dallas-001/floorplan/.emptyFolderPlaceholder', NULL, '2025-07-20 02:55:50.935274+00', '2025-08-27 01:44:08.852796+00', '2025-07-20 02:55:50.935274+00', '{"eTag": "\"d41d8cd98f00b204e9800998ecf8427e\"", "size": 0, "mimetype": "application/octet-stream", "cacheControl": "max-age=3600", "lastModified": "2025-07-20T02:55:51.000Z", "contentLength": 0, "httpStatusCode": 200}', 'bd6f0320-7cc8-4572-860c-6253e9695db9', NULL, '{}', 3),
	('8cf40c96-108d-4d8e-9000-9fad88d94f36', 'oz-projects-images', 'sogood-dallas-001/general/.emptyFolderPlaceholder', NULL, '2025-07-20 02:55:36.951415+00', '2025-08-27 01:44:08.852796+00', '2025-07-20 02:55:36.951415+00', '{"eTag": "\"d41d8cd98f00b204e9800998ecf8427e\"", "size": 0, "mimetype": "application/octet-stream", "cacheControl": "max-age=3600", "lastModified": "2025-07-20T02:55:37.000Z", "contentLength": 0, "httpStatusCode": 200}', 'b844ac99-33f5-4de4-96cd-96f1c26f2e1d', NULL, '{}', 3),
	('191f20f0-4d0f-4b8c-8c39-91337fabcb55', 'oz-projects-images', 'sogood-dallas-001/general/HOQUE IMAGES 20241029 - 10.jpg', NULL, '2025-07-20 02:28:52.510168+00', '2025-08-27 01:44:08.852796+00', '2025-07-20 02:28:52.510168+00', '{"eTag": "\"fe53ef3d62bac5077a9e20b66f8a97fa\"", "size": 3148946, "mimetype": "image/jpeg", "cacheControl": "max-age=3600", "lastModified": "2025-07-20T02:56:02.000Z", "contentLength": 3148946, "httpStatusCode": 200}', '51cc7adf-57d1-43fe-8542-0587b35cee31', NULL, NULL, 3),
	('0b1d7b6b-c368-45db-837f-824a4b01b646', 'oz-projects-images', 'sogood-dallas-001/general/HOQUE IMAGES 20241029 - 11.jpg', NULL, '2025-07-20 02:28:58.706457+00', '2025-08-27 01:44:08.852796+00', '2025-07-20 02:28:58.706457+00', '{"eTag": "\"01f0f9bdc43b121b162895d2afb98359\"", "size": 3811259, "mimetype": "image/jpeg", "cacheControl": "max-age=3600", "lastModified": "2025-07-20T02:56:02.000Z", "contentLength": 3811259, "httpStatusCode": 200}', 'bbec8f94-cce3-4c18-ba86-ac9428b852b7', NULL, NULL, 3),
	('8dafa038-6f61-4521-b524-7eed9e18fb98', 'oz-projects-images', 'sogood-dallas-001/general/HOQUE IMAGES 20241029 - 13.jpg', NULL, '2025-07-20 02:28:58.584246+00', '2025-08-27 01:44:08.852796+00', '2025-07-20 02:28:58.584246+00', '{"eTag": "\"ffe465df0e600e04528e561c0697686c\"", "size": 3998695, "mimetype": "image/jpeg", "cacheControl": "max-age=3600", "lastModified": "2025-07-20T02:56:02.000Z", "contentLength": 3998695, "httpStatusCode": 200}', '59ca2dd1-e9fb-406f-b584-6e89bc84681f', NULL, NULL, 3),
	('8d469a9d-2264-4187-b77a-d77df0ede8cd', 'oz-projects-images', 'marshall-st-louis-001/floorplan/Marshall-St-Louis_A2.webp', NULL, '2025-07-20 02:40:27.512704+00', '2025-08-27 01:44:08.852796+00', '2025-07-20 02:40:27.512704+00', '{"eTag": "\"27977968e1cfe21c9e19c548b786c60e\"", "size": 87158, "mimetype": "image/webp", "cacheControl": "max-age=3600", "lastModified": "2025-07-20T02:55:13.000Z", "contentLength": 87158, "httpStatusCode": 200}', '42bb9478-67ea-42b4-80af-83aa2ad5f2f9', NULL, NULL, 3),
	('cdf73b68-1d5d-45af-aaec-b94e16905c29', 'oz-projects-images', 'marshall-st-louis-001/floorplan/Marshall-St-Louis_D3.webp', NULL, '2025-07-20 02:40:27.539602+00', '2025-08-27 01:44:08.852796+00', '2025-07-20 02:40:27.539602+00', '{"eTag": "\"650e6c06ac3bcd411fd5a34354bc080a\"", "size": 111196, "mimetype": "image/webp", "cacheControl": "max-age=3600", "lastModified": "2025-07-20T02:55:13.000Z", "contentLength": 111196, "httpStatusCode": 200}', '0008874d-b7fd-4405-a497-8bf41c2607a3', NULL, NULL, 3),
	('f029a268-21c6-4819-890e-d4f389ed5f6b', 'oz-projects-images', 'sogood-dallas-001/general/HOQUE IMAGES 20241029 - 14.jpg', NULL, '2025-07-20 02:28:59.055812+00', '2025-08-27 01:44:08.852796+00', '2025-07-20 02:28:59.055812+00', '{"eTag": "\"0cecb8e000b0a869453c4b4fbb113906\"", "size": 4490985, "mimetype": "image/jpeg", "cacheControl": "max-age=3600", "lastModified": "2025-07-20T02:56:02.000Z", "contentLength": 4490985, "httpStatusCode": 200}', 'ec6f4546-d4c1-4780-84a6-f0e7d1a4b86c', NULL, NULL, 3),
	('115033e5-dfcc-4e32-85cf-575cea7d4454', 'oz-projects-images', 'edge-on-main-mesa-001/details/property-overview/.emptyFolderPlaceholder', NULL, '2025-12-19 13:16:28.18334+00', '2025-12-19 13:16:28.18334+00', '2025-12-19 13:16:28.18334+00', '{"eTag": "\"d41d8cd98f00b204e9800998ecf8427e\"", "size": 0, "mimetype": "application/octet-stream", "cacheControl": "max-age=3600", "lastModified": "2025-12-19T13:16:28.185Z", "contentLength": 0, "httpStatusCode": 200}', '52a447cf-ca1c-4665-a23d-275d1ce0562a', NULL, '{}', 4),
	('844d8b08-326f-44f0-929d-a31e39ab5ad3', 'oz-projects-images', 'sogood-dallas-001/general/HOQUE IMAGES 20241029 - 15.jpg', NULL, '2025-07-20 02:28:59.675975+00', '2025-08-27 01:44:08.852796+00', '2025-07-20 02:28:59.675975+00', '{"eTag": "\"0a5803b2b9bdc134ea7b8ebfc58961c0\"", "size": 5860596, "mimetype": "image/jpeg", "cacheControl": "max-age=3600", "lastModified": "2025-07-20T02:56:04.000Z", "contentLength": 5860596, "httpStatusCode": 200}', '39bc5fec-7f90-4a7f-bbe8-84329688637c', NULL, NULL, 3),
	('af3f859b-eb02-43ca-ad1f-3ff47272603e', 'oz-projects-images', 'sogood-dallas-001/general/HOQUE IMAGES 20241029 - 16.jpg', NULL, '2025-07-20 02:28:59.179265+00', '2025-08-27 01:44:08.852796+00', '2025-07-20 02:28:59.179265+00', '{"eTag": "\"9e6721a3e26c8e9422c3a84af738a1a5\"", "size": 4480941, "mimetype": "image/jpeg", "cacheControl": "max-age=3600", "lastModified": "2025-07-20T02:56:02.000Z", "contentLength": 4480941, "httpStatusCode": 200}', '9b2e7d85-64f0-41ff-93c9-1b68329f2233', NULL, NULL, 3),
	('f341f64a-40ab-4c62-bfe3-928f65fa5fe6', 'oz-projects-images', 'sogood-dallas-001/general/HOQUE IMAGES 20241029 - 17.jpg', NULL, '2025-07-20 02:28:59.165879+00', '2025-08-27 01:44:08.852796+00', '2025-07-20 02:28:59.165879+00', '{"eTag": "\"91fdc1502428d32f27cd37962612e7a0\"", "size": 4691953, "mimetype": "image/jpeg", "cacheControl": "max-age=3600", "lastModified": "2025-07-20T02:56:02.000Z", "contentLength": 4691953, "httpStatusCode": 200}', '4a69c2ef-e822-468d-9f39-9552517f9a11', NULL, NULL, 3),
	('e463e7a0-4bd9-432d-bc59-0b2aeeba05d6', 'oz-projects-images', 'sogood-dallas-001/general/HOQUE IMAGES 20241029 - 18.jpg', NULL, '2025-07-20 02:28:55.62618+00', '2025-08-27 01:44:08.852796+00', '2025-07-20 02:28:55.62618+00', '{"eTag": "\"bff73940b82694c06ebb09defdd61b4b\"", "size": 1309262, "mimetype": "image/jpeg", "cacheControl": "max-age=3600", "lastModified": "2025-07-20T02:56:02.000Z", "contentLength": 1309262, "httpStatusCode": 200}', 'a0248a3c-8670-4c1a-a027-eb880044947b', NULL, NULL, 3),
	('e83f21e5-e4ae-41a6-9ef8-ca04c7042b8b', 'oz-projects-images', 'sogood-dallas-001/general/HOQUE IMAGES 20241029 - 2.jpg', NULL, '2025-07-20 02:28:53.495472+00', '2025-08-27 01:44:08.852796+00', '2025-07-20 02:28:53.495472+00', '{"eTag": "\"eb7af518a827404f5df87c0b9dc45550\"", "size": 4237676, "mimetype": "image/jpeg", "cacheControl": "max-age=3600", "lastModified": "2025-07-20T02:56:03.000Z", "contentLength": 4237676, "httpStatusCode": 200}', '24767154-fa57-4379-a5b6-521ef9d19902', NULL, NULL, 3),
	('5c690a47-6f2c-4c2d-a207-3e06bd0cf97c', 'oz-projects-images', 'sogood-dallas-001/general/HOQUE IMAGES 20241029 - 27.jpg', NULL, '2025-07-20 02:30:53.264901+00', '2025-08-27 01:44:08.852796+00', '2025-07-20 02:30:53.264901+00', '{"eTag": "\"4ddcf4f0064f139f44e1d1b994b9bc0c\"", "size": 5601839, "mimetype": "image/jpeg", "cacheControl": "max-age=3600", "lastModified": "2025-07-20T02:56:02.000Z", "contentLength": 5601839, "httpStatusCode": 200}', '9d90ffc1-0bbd-4d91-a800-7ad12d8244dd', NULL, NULL, 3),
	('72998255-53ec-4c6a-8752-d444c4ce3e87', 'oz-projects-images', 'sogood-dallas-001/general/HOQUE IMAGES 20241029 - 28.jpg', NULL, '2025-07-20 02:30:50.983333+00', '2025-08-27 01:44:08.852796+00', '2025-07-20 02:30:50.983333+00', '{"eTag": "\"a17ef2e19b6734a87aec86ad2b750862\"", "size": 2916049, "mimetype": "image/jpeg", "cacheControl": "max-age=3600", "lastModified": "2025-07-20T02:56:02.000Z", "contentLength": 2916049, "httpStatusCode": 200}', '4f5c981f-1a0a-44df-ae37-c1cc779823a2', NULL, NULL, 3),
	('985aa786-c29c-4489-a722-557d0c3feed1', 'oz-projects-images', 'sogood-dallas-001/general/HOQUE IMAGES 20241029 - 29.jpg', NULL, '2025-07-20 02:30:53.353808+00', '2025-08-27 01:44:08.852796+00', '2025-07-20 02:30:53.353808+00', '{"eTag": "\"b539c46b5be5fbf083e9677e1adaf7fb\"", "size": 5576661, "mimetype": "image/jpeg", "cacheControl": "max-age=3600", "lastModified": "2025-07-20T02:56:02.000Z", "contentLength": 5576661, "httpStatusCode": 200}', '49eeb8ee-8cbd-473d-9ee8-dc51a5aa2751', NULL, NULL, 3),
	('ecc4318b-4158-4891-9572-4cd356bd61e1', 'oz-projects-images', 'sogood-dallas-001/general/HOQUE IMAGES 20241029 - 3.jpg', NULL, '2025-07-20 02:28:53.123621+00', '2025-08-27 01:44:08.852796+00', '2025-07-20 02:28:53.123621+00', '{"eTag": "\"40a2e9c1fb8870e7f5308dcfc5b7c6b4\"", "size": 3820076, "mimetype": "image/jpeg", "cacheControl": "max-age=3600", "lastModified": "2025-07-20T02:56:02.000Z", "contentLength": 3820076, "httpStatusCode": 200}', 'bae36fb7-a2f5-427b-acb9-1068a7bf0e3c', NULL, NULL, 3),
	('e570890c-dda4-4225-8da3-2ffe5febc600', 'oz-projects-images', 'edge-on-main-mesa-001/general/.emptyFolderPlaceholder', NULL, '2025-07-20 02:48:19.271148+00', '2025-08-27 01:44:08.852796+00', '2025-07-20 02:48:19.271148+00', '{"eTag": "\"d41d8cd98f00b204e9800998ecf8427e\"", "size": 0, "mimetype": "application/octet-stream", "cacheControl": "max-age=3600", "lastModified": "2025-07-20T02:48:20.000Z", "contentLength": 0, "httpStatusCode": 200}', 'a343919b-39ed-4340-a30e-c080e63a19f2', NULL, '{}', 3),
	('33c97eca-0eea-4fea-9063-b5c0d379a2ce', 'oz-projects-images', 'marshall-st-louis-001/floorplan/Marshall-St-Louis_B2.webp', NULL, '2025-07-20 02:40:27.928175+00', '2025-08-27 01:44:08.852796+00', '2025-07-20 02:40:27.928175+00', '{"eTag": "\"e67b335ffb9fc468c1c429e368065407\"", "size": 106780, "mimetype": "image/webp", "cacheControl": "max-age=3600", "lastModified": "2025-07-20T02:55:13.000Z", "contentLength": 106780, "httpStatusCode": 200}', 'e4a9b9b6-82d0-4021-acb5-670b02b94d1b', NULL, NULL, 3),
	('15cc7943-ef9d-4630-93d7-44a41c03bf68', 'oz-projects-images', 'marshall-st-louis-001/floorplan/Marshall-St-Louis_D5_TH-Combined.webp', NULL, '2025-07-20 02:40:28.983561+00', '2025-08-27 01:44:08.852796+00', '2025-07-20 02:40:28.983561+00', '{"eTag": "\"de39a28878ecf23cca14ca2ee12d2050\"", "size": 71044, "mimetype": "image/webp", "cacheControl": "max-age=3600", "lastModified": "2025-07-20T02:55:13.000Z", "contentLength": 71044, "httpStatusCode": 200}', '4f9dab44-f86c-466f-8b96-5fc34bc1df09', NULL, NULL, 3),
	('38d4d495-65df-48b4-8e50-35f465258996', 'oz-projects-images', 'marshall-st-louis-001/floorplan/Marshall-St-Louis_E1_TH-Combined.webp', NULL, '2025-07-20 02:40:30.005277+00', '2025-08-27 01:44:08.852796+00', '2025-07-20 02:40:30.005277+00', '{"eTag": "\"fafef93485287c08224ab1117fa3c708\"", "size": 64454, "mimetype": "image/webp", "cacheControl": "max-age=3600", "lastModified": "2025-07-20T02:55:13.000Z", "contentLength": 64454, "httpStatusCode": 200}', '8cfa1545-c253-48fc-bb5c-29870250d589', NULL, NULL, 3),
	('47329641-282f-414f-bb26-cc0c8a1c80e2', 'oz-projects-images', 'marshall-st-louis-001/details/property-overview/floorplan/.emptyFolderPlaceholder', NULL, '2025-12-19 13:17:14.05332+00', '2025-12-19 13:17:14.05332+00', '2025-12-19 13:17:14.05332+00', '{"eTag": "\"d41d8cd98f00b204e9800998ecf8427e\"", "size": 0, "mimetype": "application/octet-stream", "cacheControl": "max-age=3600", "lastModified": "2025-12-19T13:17:14.056Z", "contentLength": 0, "httpStatusCode": 200}', 'd3d2079e-bdca-4792-8c5f-79ae63473825', NULL, '{}', 5),
	('49ff7d55-409e-45ab-9f44-4a3de37d4666', 'oz-projects-images', 'sogood-dallas-001/general/HOQUE IMAGES 20241029 - 30.jpg', NULL, '2025-07-20 02:30:52.927603+00', '2025-08-27 01:44:08.852796+00', '2025-07-20 02:30:52.927603+00', '{"eTag": "\"80acf57d3df2905365acb9de7433f589\"", "size": 4816858, "mimetype": "image/jpeg", "cacheControl": "max-age=3600", "lastModified": "2025-07-20T02:56:02.000Z", "contentLength": 4816858, "httpStatusCode": 200}', '56b81d14-20a5-471b-bf8a-aa62d7d59791', NULL, NULL, 3),
	('46f36fe1-65a7-4836-825f-aa45aaf8479f', 'oz-projects-images', 'sogood-dallas-001/general/HOQUE IMAGES 20241029 - 31.jpg', NULL, '2025-07-20 02:30:53.15479+00', '2025-08-27 01:44:08.852796+00', '2025-07-20 02:30:53.15479+00', '{"eTag": "\"f9a6de6a75ce3dd27ee44b0e5bc0477d\"", "size": 5127620, "mimetype": "image/jpeg", "cacheControl": "max-age=3600", "lastModified": "2025-07-20T02:56:02.000Z", "contentLength": 5127620, "httpStatusCode": 200}', '3ffcd105-ff62-4ae7-98d1-e4eed1fa552e', NULL, NULL, 3),
	('31aa0f02-1dd3-4c26-829f-5196ca0ccaca', 'oz-projects-images', 'oz-recap-fund-001/details/portfolio-projects/avian/46.jpg', NULL, '2025-10-22 22:21:27.610167+00', '2025-10-26 11:10:33.644352+00', '2025-10-22 22:21:27.610167+00', '{"eTag": "\"753d35427870ebcd833eba061124a2de\"", "size": 405797, "mimetype": "image/jpeg", "cacheControl": "max-age=3600", "lastModified": "2025-10-26T11:10:34.000Z", "contentLength": 405797, "httpStatusCode": 200}', '13eba59f-c02c-44a4-a0bd-0e0e434f0d00', NULL, NULL, 5),
	('9da3497a-0540-4148-95f6-f5a9e2eda214', 'oz-projects-images', 'oz-recap-fund-001/details/portfolio-projects/solace-at-cimarron-hills/48.jpg', NULL, '2025-10-22 22:21:37.295552+00', '2025-10-26 11:10:36.468973+00', '2025-10-22 22:21:37.295552+00', '{"eTag": "\"1b1b6349eb518a83ec4a3e97dcf5c15c\"", "size": 1740727, "mimetype": "image/jpeg", "cacheControl": "max-age=3600", "lastModified": "2025-10-26T11:10:37.000Z", "contentLength": 1740727, "httpStatusCode": 200}', '47b9c189-75d0-4188-9e62-45e3c5299fca', NULL, NULL, 5),
	('448fbfa0-2eae-4e9b-a16f-fb064561d32c', 'oz-projects-images', 'oz-recap-fund-001/details/portfolio-projects/solace-at-ballpark-village/52.jpg', NULL, '2025-10-22 22:21:16.62317+00', '2025-10-26 11:10:36.593326+00', '2025-10-22 22:21:16.62317+00', '{"eTag": "\"c089988c22f09dd26065b51b43a56956\"", "size": 527916, "mimetype": "image/jpeg", "cacheControl": "max-age=3600", "lastModified": "2025-10-26T11:10:37.000Z", "contentLength": 527916, "httpStatusCode": 200}', '13c9b2c1-3ec2-41bf-b902-ad0f42d78720', NULL, NULL, 5),
	('dbbff7d3-078a-421d-b6ec-6a0a3b52960f', 'oz-projects-images', 'up-campus-reno-001/sitemap/Screenshot 2025-08-06 at 12.52.53 PM.png', NULL, '2025-08-06 19:55:47.031996+00', '2025-08-27 01:44:08.852796+00', '2025-08-06 19:55:47.031996+00', '{"eTag": "\"3cbc649ac31baa4de8abe4dd1a90c1b9-1\"", "size": 6138426, "mimetype": "image/png", "cacheControl": "max-age=3600", "lastModified": "2025-08-06T19:55:47.000Z", "contentLength": 6138426, "httpStatusCode": 200}', '9c2330a9-36fe-4499-98cd-97cc9a92cd29', NULL, NULL, 3),
	('b1d0a767-eef3-4c22-a146-ebb26b881aed', 'oz-projects-images', 'up-campus-reno-001/sitemap/Screenshot 2025-08-06 at 12.53.11 PM.png', NULL, '2025-08-06 19:55:48.967797+00', '2025-08-27 01:44:08.852796+00', '2025-08-06 19:55:48.967797+00', '{"eTag": "\"7aa5e140101c4ce85af13360d5620b5d-2\"", "size": 6522885, "mimetype": "image/png", "cacheControl": "max-age=3600", "lastModified": "2025-08-06T19:55:45.000Z", "contentLength": 6522885, "httpStatusCode": 200}', '72a1f5c0-e3c0-41f0-a9ca-6fb4ce0cfaa0', NULL, NULL, 3),
	('7d9ab1c0-21a9-4043-9f8c-c8d0d6298699', 'oz-projects-images', 'up-campus-reno-001/sitemap/ZIMG1.jpg', NULL, '2025-08-07 02:31:43.347845+00', '2025-08-27 01:44:08.852796+00', '2025-08-07 02:31:43.347845+00', '{"eTag": "\"f2664a11d9072c2ac834c123afe7794b\"", "size": 4139861, "mimetype": "image/jpeg", "cacheControl": "max-age=3600", "lastModified": "2025-08-07T02:33:00.000Z", "contentLength": 4139861, "httpStatusCode": 200}', 'b714a5a7-707d-416f-8af9-d35253ffabd2', NULL, NULL, 3),
	('95ad69cd-2e4e-4cf2-b4d7-34ccb8153ad0', 'oz-projects-images', 'oz-recap-fund-001/details/portfolio-projects/avian/45.jpg', NULL, '2025-10-22 22:21:27.730785+00', '2025-10-26 11:10:34.032694+00', '2025-10-22 22:21:27.730785+00', '{"eTag": "\"0158e53a288a3ba00a0707ab0052aa39\"", "size": 731206, "mimetype": "image/jpeg", "cacheControl": "max-age=3600", "lastModified": "2025-10-26T11:10:34.000Z", "contentLength": 731206, "httpStatusCode": 200}', '692d469c-1bfc-49ec-bb3c-2d9f95b7fb26', NULL, NULL, 5),
	('25f9b6b1-1488-4987-b247-d9045a0aba03', 'oz-projects-images', 'oz-recap-fund-001/details/portfolio-projects/solace-at-ballpark-village/13.jpg', NULL, '2025-10-22 22:21:16.529136+00', '2025-10-26 11:10:35.141098+00', '2025-10-22 22:21:16.529136+00', '{"eTag": "\"c5bd07fa91926e6314896537f84a8e2a\"", "size": 682826, "mimetype": "image/jpeg", "cacheControl": "max-age=3600", "lastModified": "2025-10-26T11:10:35.000Z", "contentLength": 682826, "httpStatusCode": 200}', '9bf825a4-d1e2-4ddf-bd8b-73115ee69b4f', NULL, NULL, 5),
	('86cd2360-cf03-4c5c-af56-9c304b1ccfee', 'oz-projects-images', 'oz-recap-fund-001/details/portfolio-projects/solace-at-cimarron-hills/49.jpg', NULL, '2025-10-22 22:21:36.962828+00', '2025-10-26 11:10:37.422962+00', '2025-10-22 22:21:36.962828+00', '{"eTag": "\"7f028d5f3f51aa07fbca899fa8a260cc\"", "size": 1340556, "mimetype": "image/jpeg", "cacheControl": "max-age=3600", "lastModified": "2025-10-26T11:10:38.000Z", "contentLength": 1340556, "httpStatusCode": 200}', '058849f7-410c-4215-87d0-f7cfc83421b1', NULL, NULL, 5),
	('54900859-f3fb-46a7-8b7d-aa2a25d8c040', 'oz-projects-images', 'oz-recap-fund-001/details/sponsor-profile/fund-manager/michael.jpg', NULL, '2025-10-22 22:22:35.17169+00', '2025-10-26 11:10:47.634128+00', '2025-10-22 22:22:35.17169+00', '{"eTag": "\"32dd064338d7d8cc39b85860c08c7512\"", "size": 145803, "mimetype": "image/jpeg", "cacheControl": "max-age=3600", "lastModified": "2025-10-26T11:10:48.000Z", "contentLength": 145803, "httpStatusCode": 200}', '488faa86-f972-4c35-be16-c90de6e6ef49', NULL, NULL, 5),
	('f772562c-f68c-45f9-a287-b12c9234d689', 'oz-projects-images', 'oz-recap-fund-001/general/0.jpg', NULL, '2025-10-22 22:26:55.404783+00', '2025-10-26 11:10:48.775329+00', '2025-10-22 22:26:55.404783+00', '{"eTag": "\"292c001168dab0093f46b802398e0f12\"", "size": 935880, "mimetype": "image/jpeg", "cacheControl": "max-age=3600", "lastModified": "2025-10-26T11:10:49.000Z", "contentLength": 935880, "httpStatusCode": 200}', 'ed2b4f26-7972-4ccf-bafd-f9ce0710974d', NULL, NULL, 3),
	('b1561a94-4121-43b7-be04-ba7f4d62bcbc', 'oz-projects-images', 'oz-recap-fund-001/general/18.jpg', NULL, '2025-10-22 22:26:54.70066+00', '2025-10-26 11:10:51.372069+00', '2025-10-22 22:26:54.70066+00', '{"eTag": "\"6781f55e414aeb851d9e6b6e1e98af3b\"", "size": 634230, "mimetype": "image/jpeg", "cacheControl": "max-age=3600", "lastModified": "2025-10-26T11:10:52.000Z", "contentLength": 634230, "httpStatusCode": 200}', '1da041c6-4805-4c60-8042-dff3acafcf3c', NULL, NULL, 3);


--
-- Data for Name: prefixes; Type: TABLE DATA; Schema: storage; Owner: supabase_storage_admin
--

INSERT INTO "storage"."prefixes" ("bucket_id", "name", "created_at", "updated_at") VALUES
	('oz_webinars', '2025-11-12-colin-walsh-oz-tax', '2025-11-02 02:33:46.174931+00', '2025-11-02 02:33:46.174931+00'),
	('oz-projects-images', 'edge-on-main-mesa-001', '2025-08-27 01:44:08.792686+00', '2025-08-27 01:44:08.792686+00'),
	('oz-projects-images', 'edge-on-main-mesa-001/general', '2025-08-27 01:44:08.792686+00', '2025-08-27 01:44:08.792686+00'),
	('oz-projects-images', 'marshall-st-louis-001', '2025-08-27 01:44:08.792686+00', '2025-08-27 01:44:08.792686+00'),
	('oz-projects-images', 'marshall-st-louis-001/floorplan', '2025-08-27 01:44:08.792686+00', '2025-08-27 01:44:08.792686+00'),
	('oz-projects-images', 'marshall-st-louis-001/general', '2025-08-27 01:44:08.792686+00', '2025-08-27 01:44:08.792686+00'),
	('oz-projects-images', 'marshall-st-louis-001/sitemap', '2025-08-27 01:44:08.792686+00', '2025-08-27 01:44:08.792686+00'),
	('oz-projects-images', 'sogood-dallas-001', '2025-08-27 01:44:08.792686+00', '2025-08-27 01:44:08.792686+00'),
	('oz-projects-images', 'sogood-dallas-001/floorplan', '2025-08-27 01:44:08.792686+00', '2025-08-27 01:44:08.792686+00'),
	('oz-projects-images', 'sogood-dallas-001/general', '2025-08-27 01:44:08.792686+00', '2025-08-27 01:44:08.792686+00'),
	('oz-projects-images', 'sogood-dallas-001/sitemap', '2025-08-27 01:44:08.792686+00', '2025-08-27 01:44:08.792686+00'),
	('oz-projects-images', 'up-campus-reno-001', '2025-08-27 01:44:08.792686+00', '2025-08-27 01:44:08.792686+00'),
	('oz-projects-images', 'up-campus-reno-001/floorplan', '2025-08-27 01:44:08.792686+00', '2025-08-27 01:44:08.792686+00'),
	('oz-projects-images', 'up-campus-reno-001/general', '2025-08-27 01:44:08.792686+00', '2025-08-27 01:44:08.792686+00'),
	('oz-projects-images', 'up-campus-reno-001/sitemap', '2025-08-27 01:44:08.792686+00', '2025-08-27 01:44:08.792686+00'),
	('oz_webinars', '2025-12-16-recap-fund', '2025-12-12 14:13:46.347159+00', '2025-12-12 14:13:46.347159+00'),
	('oz-projects-images', 'edge-on-main-mesa-001/details', '2025-12-19 13:14:35.925352+00', '2025-12-19 13:14:35.925352+00'),
	('oz-dev-docs', 'up-campus-reno', '2025-09-05 20:20:29.347126+00', '2025-09-05 20:20:29.347126+00'),
	('oz-projects-images', 'marshall-st-louis-001/details', '2025-12-19 13:14:40.870346+00', '2025-12-19 13:14:40.870346+00'),
	('oz-projects-images', 'sogood-dallas-001/details', '2025-12-19 13:14:48.540471+00', '2025-12-19 13:14:48.540471+00'),
	('oz_webinars', '2025-09-30-family-offices', '2025-10-07 00:04:41.021829+00', '2025-10-07 00:04:41.021829+00'),
	('oz-projects-images', 'up-campus-reno-001/details', '2025-12-19 13:15:01.105903+00', '2025-12-19 13:15:01.105903+00'),
	('oz_webinars', '2025-10-14-legal-101', '2025-10-09 21:42:29.781939+00', '2025-10-09 21:42:29.781939+00'),
	('oz-projects-images', 'edge-on-main-mesa-001/details/property-overview', '2025-12-19 13:16:28.18334+00', '2025-12-19 13:16:28.18334+00'),
	('oz-projects-images', 'marshall-st-louis-001/details/property-overview', '2025-12-19 13:17:00.342677+00', '2025-12-19 13:17:00.342677+00'),
	('oz-projects-images', 'marshall-st-louis-001/details/property-overview/floorplan', '2025-12-19 13:17:14.05332+00', '2025-12-19 13:17:14.05332+00'),
	('oz_webinars', '2025-10-28-nova-reno', '2025-10-19 22:02:27.001683+00', '2025-10-19 22:02:27.001683+00'),
	('oz-projects-images', 'alden-brockton-ma-001', '2025-12-19 17:52:28.121974+00', '2025-12-19 17:52:28.121974+00'),
	('oz-projects-images', 'alden-brockton-ma-001/general', '2025-12-19 17:52:42.588218+00', '2025-12-19 17:52:42.588218+00'),
	('oz-projects-images', 'alden-brockton-ma-001/floorplan', '2025-12-19 17:52:48.396961+00', '2025-12-19 17:52:48.396961+00'),
	('oz-projects-images', 'alden-brockton-ma-001/sitemap', '2025-12-19 17:52:58.583053+00', '2025-12-19 17:52:58.583053+00'),
	('oz-projects-images', 'oz-recap-fund-001', '2025-10-26 11:10:31.448194+00', '2025-10-26 11:10:31.448194+00'),
	('oz-projects-images', 'oz-recap-fund-001/details', '2025-10-26 11:10:31.448194+00', '2025-10-26 11:10:31.448194+00'),
	('oz-projects-images', 'oz-recap-fund-001/details/portfolio-projects', '2025-10-26 11:10:31.448194+00', '2025-10-26 11:10:31.448194+00'),
	('oz-projects-images', 'oz-recap-fund-001/details/portfolio-projects/avian', '2025-10-26 11:10:31.448194+00', '2025-10-26 11:10:31.448194+00'),
	('oz-projects-images', 'oz-recap-fund-001/details/portfolio-projects/solace-at-ballpark-village', '2025-10-26 11:10:35.141098+00', '2025-10-26 11:10:35.141098+00'),
	('oz-projects-images', 'oz-recap-fund-001/details/portfolio-projects/solace-at-cimarron-hills', '2025-10-26 11:10:36.468973+00', '2025-10-26 11:10:36.468973+00'),
	('oz-projects-images', 'oz-recap-fund-001/details/sponsor-profile', '2025-10-26 11:10:39.214944+00', '2025-10-26 11:10:39.214944+00'),
	('oz-projects-images', 'oz-recap-fund-001/details/sponsor-profile/developer-sponsor', '2025-10-26 11:10:39.214944+00', '2025-10-26 11:10:39.214944+00'),
	('oz-projects-images', 'oz-recap-fund-001/details/sponsor-profile/fund-manager', '2025-10-26 11:10:47.52869+00', '2025-10-26 11:10:47.52869+00'),
	('oz-projects-images', 'oz-recap-fund-001/general', '2025-10-26 11:10:48.775329+00', '2025-10-26 11:10:48.775329+00');


--
-- Data for Name: s3_multipart_uploads; Type: TABLE DATA; Schema: storage; Owner: supabase_storage_admin
--



--
-- Data for Name: s3_multipart_uploads_parts; Type: TABLE DATA; Schema: storage; Owner: supabase_storage_admin
--



--
-- Data for Name: vector_indexes; Type: TABLE DATA; Schema: storage; Owner: supabase_storage_admin
--



--
-- PostgreSQL database dump complete
--

RESET ALL;

-- Seed subscription plans
INSERT INTO subscription_plans (name, stripe_price_id_monthly, stripe_price_id_yearly) VALUES
  ('Standard', 'price_1SeswaB3EFT2LyfNW94zz6ii', 'price_1Set1DB3EFT2LyfN7v7PS9T8'),
  ('Pro', 'price_1SeszxB3EFT2LyfNm7NYL4vZ', 'price_1SeszxB3EFT2LyfNynegM1Th'),
  ('Elite', 'price_1Set3MB3EFT2LyfN7xIYWKOa', 'price_1Set3MB3EFT2LyfN2u5JbKpU')
ON CONFLICT (name) DO UPDATE SET
  stripe_price_id_monthly = EXCLUDED.stripe_price_id_monthly,
  stripe_price_id_yearly = EXCLUDED.stripe_price_id_yearly;
